rank,rating,prospect,position,state,school,status
1435,0.8328,Dru Polidore,CB,TX,Air Force,X
1589,0.8265,Zach Myers,SDE,IL,Air Force,X
1610,0.8254,Dominik Calhoun,ILB,TX,Air Force,Offer
1738,0.8173,Braylon Fowler,WR,FL,Air Force,X
1935,0.8003,Dillon Gilbert,OG,OK,Air Force,X
1950,0.7953,Carter Neuman,TE,OR,Air Force,X
1952,0.7953,TJ Urban,QB,NE,Air Force,X
1997,0.7831,Cameron Breier,OLB,WA,Air Force,X
2002,0.7792,Terrance Kamara,RB,MN,Air Force,
2014,0.7731,Jadon Furubotten,OT,CA,Air Force,X
2021,0.753,Terrell Dillworth,WR,OH,Air Force,X
1490,0.8315,Kameren Epps,OT,GA,Akron,X
1528,0.8297,Michael Maginnis,QB,GA,Akron,Offer
1643,0.8227,Diego Neri,ILB,OH,Akron,Offer
1972,0.7903,Gavin Malott,OT,KY,Akron,X
1987,0.7853,Rishad Hence,CB,MI,Akron,X
5,0.9972,Tommy Brockermeyer,OT,TX,Alabama,X
14,0.9892,Damon Payne,DT,MI,Alabama,X
16,0.989,JC Latham,OT,FL,Alabama,X
26,0.9844,Jacorey Brooks,WR,FL,Alabama,X
43,0.9769,Dallas Turner,WDE,FL,Alabama,X
46,0.976,Terrence Ferguson,OG,GA,Alabama,X
63,0.9689,Xavian Sorey,OLB,FL,Alabama,CB
70,0.9658,Agiye Hall,WR,FL,Alabama,X
110,0.9494,Deontae Lawson,ILB,AL,Alabama,X
112,0.9482,Monkell Goodwine,SDE,MD,Alabama,CB
117,0.9459,Shemar Turner,SDE,TX,Alabama,Warm
124,0.943,Christian Leary,WR,FL,Alabama,X
150,0.9329,Kendrick Blackshire,ILB,TX,Alabama,X
153,0.932,Kaine Williams,S,LA,Alabama,X
186,0.9234,Terrion Arnold,S,FL,Alabama,CB
187,0.923,James Brockermeyer,OC,TX,Alabama,X
191,0.9224,Malcolm Johnson Jr.,WR,VA,Alabama,CB
232,0.9111,Ian Jackson,OLB,AL,Alabama,X
363,0.8885,Kadarius Calloway,ATH,MS,Alabama,X
401,0.8843,Devonta Smith,CB,OH,Alabama,X
490,0.8743,Anquin Barnes,DT,AL,Alabama,X
690,0.8627,Robbie Ouzts,TE,SC,Alabama,CB
774,0.8588,Ross Maseuli,OG,CA,Alabama,Warm
783,0.8581,Jaden Lindsay,OG,NC,Appalachian State,X
878,0.8548,Colston Powers,OT,VA,Appalachian State,X
926,0.853,Da'Shawn Brown,WR,SC,Appalachian State,X
1007,0.8505,DC Tabscott,QB,TN,Appalachian State,X
1036,0.8492,Jordan Favors,S,GA,Appalachian State,X
1099,0.8468,Troy Everett,OG,VA,Appalachian State,X
1166,0.8444,Dalton Stroman,WR,NC,Appalachian State,X
1285,0.8399,Deshawn McKnight,OLB,SC,Appalachian State,X
1359,0.8366,Sergio Morancy,WR,FL,Appalachian State,Offer
1393,0.8356,Jaquan Lowman,S,FL,Appalachian State,X
1410,0.8348,Andre Goodman,ATH,SC,Appalachian State,X
1456,0.8317,Jayden Ramsey,OT,SC,Appalachian State,X
1573,0.827,Cole Essek,OT,FL,Appalachian State,X
1593,0.8265,Caden Sullivan,S,SC,Appalachian State,X
1675,0.8208,David Larkins,TE,OH,Appalachian State,X
1697,0.8204,Banks Pope,TE,SC,Appalachian State,X
1702,0.8204,KaRon White,DT,AL,Appalachian State,X
1823,0.8106,Travis McNichols,CB,FL,Appalachian State,X
1849,0.8092,Charlie Ely,ILB,KY,Appalachian State,X
1886,0.8053,Justin Isler,WDE,GA,Appalachian State,X
1961,0.7944,Ibri Harrell,WDE,VA,Appalachian State,X
420,0.8806,Clay Millen,QB,WA,Arizona,X
482,0.8755,Tyrese Johnson,WR,LA,Arizona,X
896,0.854,Zamajay Duncan,CB,CA,Arizona,Offer
1024,0.8498,Montrell Johnson,RB,LA,Arizona,X
1115,0.8465,Cole Batson,ATH,CA,Arizona,X
1126,0.8465,Ja'Marian Peterson,SDE,LA,Arizona,X
1170,0.8444,Jackson Bailey,OLB,TX,Arizona,X
1171,0.8444,Kolbe Cage,OLB,LA,Arizona,X
1173,0.8444,KC Ossai,ILB,TX,Arizona,X
1198,0.843,Stevie Rocker,RB,AZ,Arizona,X
1237,0.8416,Kevon Garcia,WDE,TX,Arizona,X
1253,0.841,DJ Fryar,ILB,WA,Arizona,X
1266,0.841,Ja'Quez Harvey,SDE,CA,Arizona,X
1271,0.841,Dalton Johnson,S,TX,Arizona,X
1397,0.8356,Matthew Weerts,ILB,IL,Arizona,X
1551,0.8282,JT Hand,OC,CA,Arizona,X
1562,0.8282,Logan Kraut,ATH,CA,Arizona,X
1627,0.8247,Colby Powers,TE,TX,Arizona,X
1791,0.8139,Luke Eckardt,OT,IL,Arizona,X
1808,0.8118,Evan Branch-Haynes,DT,CA,Arizona,X
1817,0.8115,Antonio Robinson,WR,TX,Arizona,Offer
2500,0.8367,Alex Navarro-Silva,SDE,JUCO,Arizona,X
5000,0.82,Cade Parrish,OT,JUCO,Arizona,X
78,0.9647,Isaiah Johnson,CB,CA,Arizona State,X
281,0.9012,Tommi Hill,ATH,FL,Arizona State,X
388,0.8858,Junior Alexander,WR,WA,Arizona State,X
434,0.8789,Jaydon Williams,OLB,TX,Arizona State,X
501,0.8742,Robert Regan,CB,CA,Arizona State,X
573,0.8693,Robert Jackson,SDE,PA,Arizona State,Warm
657,0.8643,Erick Cade,OT,TX,Arizona State,Warm
672,0.8635,Finn Collins,QB,CA,Arizona State,X
708,0.8619,Eric Gentry,WDE,PA,Arizona State,X
721,0.8614,Austin Barry,OT,CA,Arizona State,X
843,0.8559,Marcus Mbow,OT,WI,Arizona State,X
894,0.854,Caleb Banks,SDE,MI,Arizona State,X
900,0.854,Gharin Stansbury,WDE,LA,Arizona State,X
1085,0.8477,Krew Jackson,S,AZ,Arizona State,CB
1154,0.8452,Kamron Beachem,ATH,CA,Arizona State,X
1184,0.8431,Garrett Gillette,TE,WI,Arizona State,X
1185,0.8431,Charles Armstrong,OT,FL,Arizona State,Offer
1191,0.8431,Isaia Glass,OT,AZ,Arizona State,X
1257,0.841,Vance Jefferson,WR,CA,Arizona State,Warm
1333,0.8376,Isaiah Pipkin,OLB,NC,Arizona State,X
1373,0.8364,Martin Lucas,RB,VA,Arizona State,X
1460,0.8315,Brody Crane,OC,CA,Arizona State,Warm
1655,0.8215,Isaiah World,OT,CA,Arizona State,X
5000,0.81,Edward Czaplicki,K,NC,Arizona State,X
179,0.9246,AJ Green,ATH,OK,Arkansas,X
269,0.9039,Ahmonte Watkins,RB,TX,Arkansas,Offer
396,0.8851,Javion Hunt,RB,OK,Arkansas,X
402,0.8843,Raheim Sanders,ATH,FL,Arkansas,X
415,0.881,Malik McClain,WR,FL,Arkansas,Offer
433,0.8789,Terry Wells,OT,AR,Arkansas,X
478,0.8755,Keuan Parker,CB,OK,Arkansas,X
499,0.8742,Cole Carson,OT,TX,Arkansas,X
532,0.8721,Bryce Stephens,WR,OK,Arkansas,X
656,0.8643,Lucas Coley,QB,TX,Arkansas,X
710,0.8619,Solomon Wright,DT,OK,Arkansas,X
719,0.8614,Christopher Paul Jr.,ILB,GA,Arkansas,X
784,0.858,Torey Phillips,DT,TX,Arkansas,Offer
809,0.8573,Marco Avant,OLB,AR,Arkansas,X
840,0.8561,Jermaine Hamilton-Jordan,OLB,MO,Arkansas,X
890,0.854,Jaedon Wilson,WR,TX,Arkansas,X
946,0.8519,Chase Lowery,CB,TX,Arkansas,X
959,0.8519,Devon Manuel,OT,LA,Arkansas,X
1000,0.8506,Landon Rogers,QB,AR,Arkansas,X
1133,0.8464,Erin Outley,TE,AR,Arkansas,CB
1748,0.8165,Charlie Sims,OG,MI,Arkansas,CB
1757,0.8165,Cameron Little,K,OK,Arkansas,X
3000,0.84,Arvell Ferguson,WDE,JUCO,Arkansas,Warm
578,0.8688,Marvin Martin,S,MS,Arkansas State,Offer
823,0.8572,Michael Lunz,ILB,KY,Arkansas State,X
1281,0.8403,Corey Platt Jr.,ATH,AR,Arkansas State,X
1307,0.8389,Marlon Crockett,WR,AR,Arkansas State,X
1315,0.8378,Wyatt Begeal,QB,TX,Arkansas State,X
1432,0.8335,ZaBrien Harden,ILB,GA,Arkansas State,X
1463,0.8315,Justin Parks,CB,AL,Arkansas State,X
1520,0.8302,Makilan Thomas,OG,AR,Arkansas State,X
1556,0.8282,Omari Walker,WR,TX,Arkansas State,X
1614,0.8254,Xavier Evans,RB,MS,Arkansas State,X
1636,0.8234,Eli Blakey,ATH,KY,Arkansas State,X
1650,0.8215,Delvon Fegans,CB,AL,Arkansas State,Warm
1718,0.8186,Aiden Logan,OT,MO,Arkansas State,X
1836,0.8104,Leroy Watson Jr.,CB,MI,Army,X
1954,0.7953,Noah Alexander,RB,OK,Army,X
1968,0.7903,Da'Veon Turner,CB,MI,Army,X
2010,0.7742,Hayden Reed,RB,FL,Army,X
22,0.9873,Ga'Quincy McKinstry,CB,AL,Auburn,CB
55,0.9735,Lee Hunter,DT,AL,Auburn,X
89,0.9602,Armoni Goodwin,RB,AL,Auburn,X
103,0.9523,Jeremiah Williams,WDE,AL,Auburn,CB
146,0.9355,Jaeden Roberts,OG,TX,Auburn,X
155,0.9311,Dematrius Davis,QB,TX,Auburn,X
173,0.9258,Jaquez Smith,WR,GA,Auburn,Offer
178,0.9249,Ahmari Harvey,S,FL,Auburn,CB
278,0.9013,Markevious Brown,CB,FL,Auburn,Warm
318,0.8957,Marquis Robinson,DT,FL,Auburn,X
339,0.8904,Caleb Johnson OT,OT,FL,Auburn,X
352,0.8891,Kamari Lassiter,CB,AL,Auburn,Warm
365,0.8884,Tar'varish Dawson,ATH,FL,Auburn,X
431,0.8791,Deshauwn Alleyne,ILB,FL,Auburn,Warm
491,0.8743,Phillip O'Brien Jr.,S,FL,Auburn,X
510,0.8739,Jarquez Hunter,RB,MS,Auburn,Warm
518,0.8723,Tobechi Okoli,SDE,MO,Auburn,X
545,0.8709,Landen King,TE,TX,Auburn,X
714,0.8614,Garner Langlo,OG,FL,Auburn,X
749,0.8595,George Jackson,OT,GA,Auburn,Offer
780,0.8581,J'Marion Gooch,OT,TN,Auburn,X
2500,0.8578,Alex Lemon,SDE,JUCO,Auburn,Offer
5000,0.87,Brandon Perry,ATH,AL,Auburn,Warm
5000,0.87,Jimmori Robinson,WDE,JUCO,Auburn,Warm
832,0.8566,Kiael Kelly,QB,FL,Ball State,X
848,0.8559,Rico Barfield,RB,MO,Ball State,X
1692,0.8204,Drayton Charlton-Perrin,TE,IL,Ball State,X
1707,0.8201,Rae'quin Lee,RB,MI,Ball State,X
1722,0.818,Thailand Baldwin,CB,VA,Ball State,X
1899,0.8044,Jaret Frantz,WR,OH,Ball State,X
1911,0.8022,Phil Gunn,OG,IN,Ball State,X
1949,0.7953,Drew Hughes,SDE,IL,Ball State,X
1967,0.7903,Brady Hunt,QB,IN,Ball State,X
1977,0.7892,Jalen Johnson,OG,MI,Ball State,X
1981,0.7892,Joey Stemler,ILB,OH,Ball State,X
1989,0.7853,Larry Harris,DT,IN,Ball State,X
4000,0.86,Camden Jordan,WR,IN,Ball State,Offer
1475,0.8315,Jay Allen,ATH,FL,Baseball,X
296,0.8983,Kyron Drones,QB,TX,Baylor,X
372,0.888,Tate Williams,OG,TX,Baylor,X
389,0.8858,Jordan Jenkins,RB,TX,Baylor,X
409,0.883,Byron Murphy II,DT,TX,Baylor,X
451,0.8776,Tevin Williams,CB,OK,Baylor,X
461,0.8767,Hal Presley,WR,TX,Baylor,X
476,0.8755,Connor Heffernan,OG,TX,Baylor,X
511,0.8736,Elijah Bean,WR,TX,Baylor,X
524,0.8721,Cisco Caston,S,TX,Baylor,X
558,0.8702,Jackie Marshall,ILB,LA,Baylor,X
692,0.8627,Justin Walley,CB,MS,Baylor,CB
711,0.8615,Javon Gipson,WR,TX,Baylor,X
777,0.8586,Roderick Daniels,WR,TX,Baylor,X
811,0.8573,Romario Noel,S,TX,Baylor,X
1005,0.8505,Darius Hale,RB,TX,Baylor,Offer
1012,0.8505,Devon Martin,TE,TX,Baylor,Offer
1034,0.8494,Devin Lemear,S,TX,Baylor,X
1208,0.8424,Cooper Lanz,SDE,TX,Baylor,X
1277,0.8406,Sam Carrell,SDE,NM,Baylor,X
1278,0.8405,Tyrone Brown,ILB,TX,Baylor,X
1297,0.839,Dakote Doyle,DT,MO,Baylor,X
1648,0.8217,Ryan Lengyel,OT,TX,Baylor,
602,0.8675,Jai Jones,ILB,TX,Boise State,X
829,0.8567,Eric McAlister,WR,TX,Boise State,Warm
1118,0.8465,Kaden Dudley,ATH,CO,Boise State,X
1204,0.8424,Taylen Green,QB,TX,Boise State,X
1262,0.841,Joseph Amos,OT,TX,Boise State,CB
1362,0.8366,Clay Petry,WR,CA,Boise State,Warm
1391,0.8356,Eli Sanders,ATH,AZ,Boise State,CB
1784,0.8139,Jalen Richmond,WR,AZ,Boise State,X
1812,0.8118,Matthew Lauter,TE,#N/A,Boise State,
175,0.9253,Clinton Burton Jr.,CB,MD,Boston College,X
398,0.8843,Sam Ofurie,ILB,FL,Boston College,Offer
503,0.8742,Jalen Cheek,CB,NJ,Boston College,X
665,0.864,Trevin Wallace,ILB,GA,Boston College,X
674,0.8635,Owen McGowan,ILB,MA,Boston College,X
681,0.8629,Andre Porter,SDE,DC,Boston College,X
686,0.8628,Jalon Williams,CB,TX,Boston College,X
702,0.8625,Xavier Coleman,RB,NJ,Boston College,X
757,0.8593,Shawn Gates,CB,OH,Boston College,X
825,0.8572,Nigel Tate,DT,MD,Boston College,X
981,0.8516,Jamareeh Jones,ATH,VA,Boston College,CB
1038,0.8485,Otto Hess,OT,IL,Boston College,X
1067,0.8477,Lewis Bond,RB,IL,Boston College,X
1074,0.8477,Neto Okpala,WDE,GA,Boston College,X
1234,0.8416,Scottie Alexander,WR,TN,Boston College,Offer
1283,0.8402,Owen Stoudmire,DT,OH,Boston College,X
1311,0.8385,Dante Reynolds,WR,IL,Boston College,X
1441,0.8322,Emmett Morehead,QB,VA,Boston College,X
1489,0.8315,Donovan Ezeiruaku,OLB,NJ,Boston College,X
1611,0.8254,Ilija Krajnovic,OT,FL,Boston College,X
1681,0.8204,Elijah Fuentes,DT,NY,Boston College,CB
2008,0.7781,Connor Lytton,K,VA,Boston College,X
925,0.8531,Tae'Shaun Johnson,WR,OH,Bowling Green,X
1409,0.8348,Jaylen Smith,WR,FL,Bowling Green,X
1645,0.8227,Alex Padgett,OT,OH,Bowling Green,X
1725,0.8174,Jaison Patterson,RB,FL,Bowling Green,X
1780,0.8147,Jacory Jordan,QB,FL,Bowling Green,X
1855,0.8085,Nate Pabst,WDE,OH,Bowling Green,X
1909,0.8027,Dierre Kelly,SDE,IN,Bowling Green,X
992,0.8506,Quillen Howze,ATH,MI,Buffalo,X
1088,0.8477,James Smith,WDE,VA,Buffalo,Offer
1092,0.8473,Artez Hooker,WR,FL,Buffalo,X
1177,0.8438,Sieh Bangura,RB,MD,Buffalo,Offer
1369,0.8366,Jamari Gassett,WR,FL,Buffalo,X
1415,0.8344,Floyd Dozier,DT,FL,Buffalo,X
1418,0.8343,Aljay Henderson,RB,NJ,Buffalo,X
1446,0.8322,Jibrahn Claude,S,GA,Buffalo,X
1453,0.8317,Demarco Cuffey,CB,MD,Buffalo,X
1468,0.8315,Camron McNair,OT,NJ,Buffalo,Offer
1515,0.8302,Chris King,WDE,NY,Buffalo,X
1570,0.8276,Ali Fisher,WR,MI,Buffalo,X
1769,0.8154,Brian Plummer,QB,MD,Buffalo,X
1787,0.8139,Jaillen Howze,OLB,MI,Buffalo,X
1801,0.8123,Anton Ricumstrict,ATH,MI,Buffalo,X
1847,0.8093,Carson Williams,TE,IA,Buffalo,X
1875,0.8054,Nolan Gorczyca,OT,NE,Buffalo,X
669,0.8638,Elia Migao,OG,CA,BYU,CB
729,0.8607,Raider Damuni,ATH,UT,BYU,X
801,0.8577,Enoka Migao,WDE,CA,BYU,CB
1163,0.8444,Bentley Redden,ATH,CA,BYU,X
1386,0.8356,Weston Jones,OT,MI,BYU,X
1399,0.8356,Tevita Mafileo,ATH,UT,BYU,Offer
1620,0.8248,Kyson Hall,WR,UT,BYU,X
1796,0.8128,Ricky Wolfgramm,OLB,UT,BYU,X
1983,0.7882,Jovesa Damuni,CB,UT,BYU,X
183,0.924,J.Michael Sturdivant,WR,TX,California,X
198,0.9206,Jermaine Terry,TE,CA,California,X
268,0.9041,Mavin Anderson,WR,CA,California,X
316,0.8958,Kai Millner,QB,AZ,California,X
332,0.8922,Akili Calhoun,WDE,CA,California,X
345,0.8898,Derek Wilkins,SDE,CA,California,X
411,0.8823,Justin Johnson,RB,IL,California,Warm
421,0.8802,Kaleb Elarms-Orr,WDE,CA,California,CB
535,0.8714,Kaleb Higgins,CB,CA,California,X
604,0.8673,Bastian Swinney,OT,MN,California,X
728,0.8607,Moses Oladejo,OLB,CA,California,X
853,0.8558,William Reed,OT,WA,California,X
902,0.854,Myles Williams,WDE,CA,California,X
953,0.8519,Patrick Hisatake,OLB,OR,California,X
955,0.8519,Hunter Barth,S,AZ,California,X
1093,0.8473,Ryan Lange,OT,CA,California,X
1201,0.8426,Keleki Latu,OLB,CA,California,CB
1387,0.8356,Fatuvalu Iosefa,S,HI,California,X
1534,0.829,Dylan Jemtegaard,OG,WA,California,X
1635,0.8234,Lu-Magia Hearns,WR,CA,California,X
3000,0.87,Jordan Moko,OG,JUCO,California,Warm
1145,0.8455,Mikey Keene,QB,AZ,Central Florida,Offer
1476,0.8315,Kionte Curry,S,FL,Central Florida,Offer
3000,0.85,Kaedin Robinson,WR,JUCO,Central Florida,X
1060,0.8484,D.J. Stepney,S,MI,Central Michigan,X
1540,0.8287,Ron Powlus III,QB,IN,Central Michigan,Offer
1639,0.8227,Eric Reese,CB,MI,Central Michigan,X
1682,0.8204,Elijah Rikard,S,MI,Central Michigan,X
1683,0.8204,Pius Odjugo,DT,MI,Central Michigan,X
1795,0.8132,Trevor Jones,OG,MI,Central Michigan,X
1824,0.8106,Chris Parker,WR,MI,Central Michigan,X
1857,0.8078,Tyson Davis,WR,MI,Central Michigan,X
1979,0.7892,DeAnthony Becton,S,OH,Central Michigan,X
1990,0.7842,Jonah Pace,SDE,IL,Central Michigan,X
2001,0.7792,Clinton Roberson,WR,MI,Central Michigan,X
1015,0.8499,Zyquez Perryman,QB,AL,Charlotte,X
1525,0.8301,Elijah Spencer,WR,SC,Charlotte,X
1530,0.8294,Jared Gibble,TE,NC,Charlotte,X
1608,0.8255,Chavion Smith,RB,NC,Charlotte,X
1807,0.8118,Nathan Linkous,OG,NC,Charlotte,X
1828,0.8104,Tyson Clawson,SDE,NC,Charlotte,X
473,0.8756,Luke Collinsworth,OT,IN,Cincinnati,X
653,0.8646,Mao Glynn,OG,OH,Cincinnati,X
816,0.8572,Iesa Jarmon,CB,OH,Cincinnati,X
885,0.8547,Jack Dingle,OLB,KY,Cincinnati,X
906,0.8539,Armorion Smith,S,MI,Cincinnati,X
969,0.8519,Myles Montgomery,RB,FL,Cincinnati,X
998,0.8506,JoJo Johnson,ATH,IN,Cincinnati,X
1029,0.8498,Caleb Schmitz,OLB,PA,Cincinnati,X
1068,0.8477,Tamarion Crumpley,CB,OH,Cincinnati,Offer
1071,0.8477,Will Pauling,WR,IL,Cincinnati,X
1147,0.8452,Leroy Bowers,S,OH,Cincinnati,X
1155,0.8452,Brady Lichtenberg,QB,OH,Cincinnati,X
1203,0.8426,Charlie Dixon,RB,GA,Cincinnati,Offer
1241,0.8411,Jalen Monrrow,SDE,IN,Cincinnati,X
1287,0.8397,Landon Fickell,OG,OH,Cincinnati,X
1450,0.8322,Malik Rainey,CB,IL,Cincinnati,X
1529,0.8294,Dontay Corleone,DT,OH,Cincinnati,X
1536,0.8289,Jalen Jones,ILB,TX,Cincinnati,Offer
4000,0.83,Justin Pickett,OG,IN ,Cincinnati,Warm
4000,0.82,Fred Farrier,WR,KY,Cincinnati,Offer
5000,0.81,Mason Fletcher,P,AUST,Cincinnati,X
23,0.9867,Will Shipley,RB,NC,Clemson,X
33,0.9822,Jeremiah Trotter Jr.,ILB,PA,Clemson,X
44,0.9764,Barrett Carter,OLB,GA,Clemson,X
67,0.9673,Beaux Collins,WR,CA,Clemson,X
74,0.9654,Jake Briningstool,TE,TN,Clemson,X
80,0.9644,Payton Page,DT,NC,Clemson,X
87,0.9614,Nyland Green,CB,GA,Clemson,CB
91,0.9566,Cade Denhoff,SDE,FL,Clemson,X
97,0.9544,Marcus Tate,OG,FL,Clemson,X
160,0.9293,Troy Stellato,WR,FL,Clemson,X
163,0.9285,Dacari Collins,WR,GA,Clemson,X
208,0.9182,Dietrick Pennington,OG,TN,Clemson,X
216,0.9152,Ryan Linthicum,OC,MD,Clemson,X
236,0.91,Zaire Patterson,WDE,NC,Clemson,X
237,0.9099,Andrew Mukuba,S,TX,Clemson,CB
291,0.8988,Phil Mafah,RB,GA,Clemson,X
541,0.871,Bubba Chandler,QB,GA,Clemson,X
680,0.8629,Tae'Quan Johnson,WR,FL,Coastal Carolina,X
1394,0.8356,Max Balthazar,RB,FL,Coastal Carolina,X
1400,0.8356,Tobias Fletcher,CB,GA,Coastal Carolina,X
1416,0.8343,Darius Chester,RB,FL,Coastal Carolina,Offer
1549,0.8286,Charles Arnold Jr,CB,GA,Coastal Carolina,X
1576,0.8268,Dre Pinckney,S,SC,Coastal Carolina,X
1607,0.8255,Ty Lyles,QB,NC,Coastal Carolina,X
1931,0.8003,Jared Morrow,OT,GA,Coastal Carolina,X
356,0.8891,Chamon Metayer,ATH,FL,Colorado,Offer
485,0.8749,Erik Olsen,TE,CO,Colorado,X
543,0.871,Alonzo Fontenette,WR,CA,Colorado,Offer
636,0.8654,Tyas Martin,DT,AR,Colorado,X
736,0.8605,Zeus Alefosio,ATH,CA,Colorado,Offer
922,0.8532,De'Anthony Lewis,RB,TX,Colorado,Offer
927,0.853,Trevor Woods,S,TX,Colorado,X
1112,0.8466,Micheal Tucker,CB,GA,Colorado,Offer
1130,0.8465,Zephaniah Maea,ILB,NV,Colorado,X
1239,0.8416,Jayden Jones,WDE,TX,Colorado,Offer
1255,0.841,Chase Penry,WR,CO,Colorado,X
1258,0.841,Kaylin Moore,ATH,CA,Colorado,X
1291,0.8397,Jalin Shephard,CB,GA,Colorado,Offer
1300,0.839,Jackson Anderson,OG,TX,Colorado,X
1354,0.8366,Jamarian Henderson,OLB,LA,Colorado,Offer
1414,0.8344,Allan Baugh,SDE,FL,Colorado,X
1459,0.8316,Drew Carter,QB,OR,Colorado,X
1479,0.8315,Al Ashford III,CB,CO,Colorado,CB
1501,0.8314,Tyrin Taylor,S,NC,Colorado,X
1736,0.8173,Ryan Williams,DT,TX,Colorado,X
1768,0.8154,Isaiah Rogers,DT,PA,Colorado,Warm
4000,0.85,Gabe Blair,OC,TX,Colorado,Offer
4000,0.84,Dylan Smith,OT,CA,Colorado,Offer
5000,0.82,Trustin Oliver,S,JUCO,Colorado,X
5000,0.81,Josh Bryan,K,CA,Colorado,X
1138,0.8464,Lathan Adams,CB,TX,Colorado State,X
1301,0.839,Tyler Quinn,DT,TX,Colorado State,X
1411,0.8348,Drake Martinez,TE,TX,Colorado State,X
1442,0.8322,George Miki-Han,OC,CA,Colorado State,X
1517,0.8302,Luke McAllister,QB,CO,Colorado State,X
1535,0.8289,Kyjuan Phillips,OG,FL,Colorado State,X
1563,0.8281,Damir Abdullah,WR,CA,Colorado State,X
1689,0.8204,Justin Michael,OT,CO,Colorado State,X
1728,0.8173,Chance Harris,QB,NM,Colorado State,X
1741,0.8168,Andrew Garwo,CB,PA,Colorado State,X
1773,0.8154,Grady Kelly,DT,FL,Colorado State,X
1778,0.8153,Tanner Arkin,TE,CO,Colorado State,X
1806,0.8118,Jack Howell,ATH,AZ,Colorado State,X
1813,0.8116,Alex Berrouet,RB,MA,Colorado State,X
1838,0.8104,Langston Williams,CB,CO,Colorado State,X
1860,0.8073,Patrick Smith,RB,NJ,Colorado State,X
1887,0.8053,Evan Olaes,QB,NV,Colorado State,X
1963,0.7943,Gerick Robinson,ATH,NV,Colorado State,X
1982,0.7882,Elijah Muhammad,OLB,NY,Colorado State,X
4000,0.81,Nikko Reed,ATH,CA,Colorado State,Warm
1309,0.8386,Max Modeste,RB,TX,Connecticut,X
1376,0.8363,Aaron Turner,RB,DC,Connecticut,X
1469,0.8315,Xavier Copening,QB,CT,Connecticut,Offer
1523,0.8301,Christopher Johnson,TE,FL,Connecticut,X
1668,0.8215,Langston Hardy,SDE,FL,Connecticut,X
1729,0.8173,Yakiri Walker,OG,TX,Connecticut,X
1880,0.8054,Pryce Yates,SDE,TX,Connecticut,X
1925,0.8003,Femi Sakiri,OG,TX,Connecticut,X
1937,0.7993,Justin Cayenne,TE,FL,Connecticut,X
1956,0.7953,Josh Tracey,WR,CT,Connecticut,X
1487,0.8315,Quincy Thompson,RB,TX,Cornell,Offer
413,0.8815,Andrew Jones OT,OT,NC,Duke,X
450,0.8776,Breon Pass,WR,NC,Duke,Offer
752,0.8594,Cole Bishop,OLB,GA,Duke,X
761,0.8593,Riley Leonard,QB,AL,Duke,X
766,0.8593,Placide Djungu-Sungu,S,TX,Duke,X
767,0.8593,Dylan Merrell,CB,GA,Duke,X
810,0.8573,Cameron Bergeron,CB,GA,Duke,X
863,0.8552,Jordan Moore,QB,MD,Duke,X
917,0.8534,Baron Hopson,ILB,GA,Duke,Warm
920,0.8532,Aaron Hall,WDE,NC,Duke,X
957,0.8519,Anthony Freeman,OLB,NC,Duke,X
986,0.8516,Devin Lee,DT,GA,Duke,Warm
1028,0.8498,Trent Broadnax,WR,GA,Duke,X
1048,0.8485,Joshua Pickett,CB,GA,Duke,X
1279,0.8405,William Thomas,DT,NC,Duke,Offer
1294,0.839,Brandon Johnson,CB,NC,Duke,X
1347,0.8366,Trent Davis,RB,AL,Duke,CB
1370,0.8365,Sahmir Hagans,WR,PA,Duke,X
1371,0.8364,Irone Jackson,ATH,FL,Duke,Offer
1631,0.8234,Almarion Crim,OT,AL,Duke,X
1830,0.8104,Roman Hemby,RB,MD,Duke,Offer
484,0.875,Tyler Morehead,ATH,GA,East Carolina,CB
826,0.8572,Jacob Coleman,ATH,VA,East Carolina,X
837,0.8564,Javonte Sherman,WR,GA,East Carolina,X
938,0.8526,Walter Simmons III,QB,FL,East Carolina,X
1081,0.8477,Andrew Canelas,OT,NC,East Carolina,Warm
1094,0.8473,Jalen Clyatt,S,MD,East Carolina,X
1423,0.8336,Canaan Clark,OT,GA,East Carolina,X
1425,0.8336,Theodore Lockley,ATH,FL,East Carolina,CB
1433,0.8335,James Wright,ATH,SC,East Carolina,X
1700,0.8204,Toler Keigley,WR,AL,East Carolina,X
1717,0.8188,Troy Lewis,WR,VA,East Carolina,X
1775,0.8154,Cruz Temple,S,SC,East Carolina,X
4000,0.82,Jalil Muhammad,OG,GA,East Carolina,Warm
5000,0.88,Walter Clayton,ATH,FL,East Carolina,Offer
1508,0.8305,Bryce Biggs,OT,WV,Eastern Michigan,Offer
1758,0.8165,Cam Smith S,S,OH,Eastern Michigan,X
1929,0.8003,Austin Smith,QB,GA,Eastern Michigan,X
1936,0.7997,Peyton Price,DT,IN,Eastern Michigan,X
1992,0.7842,Daniel Warnsman,OT,OH,Eastern Michigan,X
1923,0.8003,Shane Schwake,OT,OR,Eastern Washington,X
1996,0.7831,Messiah Jones,ATH,WA,Eastern Washington,X
727,0.8613,Demetrius Hill,S,FL,FIU,X
1158,0.8451,Gaethan Bernadel,OLB,FL,FIU,X
1286,0.8399,Daniel Pilgrim,TE,FL,FIU,X
1319,0.8377,Kareem Harden,OT,FL,FIU,X
1640,0.8227,Amahri McCray,ILB,FL,FIU,X
1853,0.8085,Jakovi Bryant,CB,FL,FIU,X
29,0.9837,Jason Marshall,CB,FL,Florida,X
83,0.964,Corey Collier,S,FL,Florida,X
95,0.9558,Tyreak Sapp,SDE,FL,Florida,X
134,0.9401,Bryce Langston,SDE,FL,Florida,CB
176,0.925,Trevonte Rucker,WR,FL,Florida,X
185,0.9235,Carlos Del Rio-Wilson,QB,GA,Florida,X
204,0.92,Daejon Reynolds,WR,GA,Florida,X
222,0.9139,Marcus Burke,WR,FL,Florida,X
240,0.9095,Charles Montgomery,ATH,FL,Florida,X
274,0.9023,Kamar Wilcoxson,S,FL,Florida,X
286,0.8996,Gage Wilcox,TE,FL,Florida,X
290,0.8989,Chief Borders,OLB,GA,Florida,X
307,0.8963,Justus Boone,SDE,SC,Florida,X
354,0.8891,Desmond Watson,DT,FL,Florida,X
373,0.8878,Donovan McMillon,S,PA,Florida,X
374,0.8878,Nick Elksnis,TE,FL,Florida,X
380,0.8867,Jordan Young,CB,FL,Florida,X
412,0.8816,Javonte Gardner,OT,FL,Florida,X
416,0.8809,Dakota Mitchell,S,FL,Florida,X
483,0.875,Christopher Thomas,DT,FL,Florida,X
635,0.8654,Jake Slaughter,OC,FL,Florida,X
779,0.8583,Jalen Kitna,QB,TX,Florida,X
1186,0.8431,Adrein Strickland,OT,FL,Florida,X
1510,0.8305,Rocco Underwood,TE,FL,Florida,X
2500,0.915,Diwun Black,OLB,FL,Florida,X
2500,0.8739,Deyavie Hammond,OG,JUCO,Florida,X
219,0.9148,Shedeur Sanders,QB,TX,Florida Atlantic,X
659,0.8642,Fred Eaford,WR,FL,Florida Atlantic,X
754,0.8593,Jayden Williams,ATH,IA,Florida Atlantic,X
800,0.8577,Bryce Phillips,CB,CA,Florida Atlantic,Offer
1037,0.8487,Brandon Schabert,WR,FL,Florida Atlantic,X
1083,0.8477,Cameron Garnett,ATH,GA,Florida Atlantic,Offer
1167,0.8444,Amari Wansley,S,GA,Florida Atlantic,CB
1219,0.8418,William Ford,TE,NC,Florida Atlantic,X
1412,0.8348,Reginald Davis,RB,AL,Florida Atlantic,X
1492,0.8315,Jadai Smith,S,FL,Florida Atlantic,X
1512,0.8302,Julius Barfield,WDE,FL,Florida Atlantic,X
1542,0.8286,Zuberi Mobley,RB,FL,Florida Atlantic,X
1543,0.8286,Dwight Dassaw,SDE,FL,Florida Atlantic,X
1561,0.8282,Jatavious Magee,S,WA,Florida Atlantic,X
1587,0.8265,Tristyn Flores,CB,CA,Florida Atlantic,Offer
1612,0.8254,Jahmal Edrine,WR,FL,Florida Atlantic,X
1624,0.8248,Jordan Sandlin,OT,FL,Florida Atlantic,X
1663,0.8215,Jacob Merrifield,SDE,GA,Florida Atlantic,X
1680,0.8204,Jahbari Hill,CB,FL,Florida Atlantic,X
1699,0.8204,Jeremiah Brown,OLB,FL,Florida Atlantic,X
1706,0.8202,Okino King,OG,FL,Florida Atlantic,X
1714,0.8194,Jaden Sandlin,OG,FL,Florida Atlantic,X
1839,0.8104,Justice Cross,OLB,FL,Florida Atlantic,X
1917,0.8011,Anthony Earle,OT,FL,Florida Atlantic,X
2500,0.8256,Mason Starling,WR,JUCO,Florida Atlantic,X
77,0.9648,Branden Jennings,OLB,FL,Florida State,X
105,0.9514,Destyn Pazon,WR,LA,Florida State,CB
206,0.9189,Luke Altmyer,QB,MS,Florida State,X
220,0.9147,Shambre Jackson,SDE,FL,Florida State,CB
231,0.9116,Hunter Washington,CB,TX,Florida State,X
257,0.9064,Jaylin White,RB,AL,Florida State,CB
270,0.9039,Omarion Cooper,CB,FL,Florida State,X
331,0.8923,Ke'Travion Hargrove,RB,LA,Florida State,CB
376,0.8874,Rod Orr,OT,AL,Florida State,Warm
393,0.8851,Byron Turner Jr.,SDE,LA,Florida State,X
467,0.8763,Joshua Burrell,WR,SC,Florida State,X
492,0.8743,Joshua Farmer,SDE,FL,Florida State,X
534,0.8717,Bryson Estes,OC,GA,Florida State,X
540,0.871,Kevin Knowles,CB,FL,Florida State,X
556,0.8702,Jackson West,TE,AL,Florida State,X
574,0.8689,Kimo Makaneole,OG,FL,Florida State,X
858,0.8552,Jordan Eubanks,OLB,TX,Florida State,X
1062,0.8484,Dequaveon Fuller,ILB,FL,Florida State,X
1226,0.8416,Luther McCoy,DT,FL,Florida State,Warm
2500,0.8417,Koby Gross,TE,JUCO,Florida State,X
5000,0.87,River Helms,TE,AL,Florida State,Offer
647,0.8647,Jordan Hornbeak,RB,CA,Fresno State,X
921,0.8532,Jaylen Henderson,QB,CA,Fresno State,X
1059,0.8484,Braylen Nelson,OT,CO,Fresno State,CB
1225,0.8416,Rolan Fullwood,OG,CA,Fresno State,X
1245,0.841,Johnathan Arceneaux,RB,CA,Fresno State,X
1402,0.8355,Julius Lewis,DT,CA,Fresno State,X
1497,0.8315,Julian Neal,ATH,CA,Fresno State,X
1531,0.8294,Joshua Meredith,WR,CA,Fresno State,X
1715,0.8194,Tre Watson,TE,NM,Fresno State,X
1761,0.816,Malik Brooks,S,NV,Fresno State,X
1779,0.8152,Frankco Gratton,OLB,WA,Fresno State,X
1788,0.8139,Charlotin Charles,S,NV,Fresno State,X
4000,0.87,Chase Mason,QB,SD,Fresno State,Offer
1646,0.8226,Dorian Nowell,QB,NJ,Georgetown,X
6,0.9962,Amarius Mims,OT,GA,Georgia,CB
12,0.9922,Brock Vandagriff,QB,GA,Georgia,X
25,0.9865,Smael Mondon,OLB,GA,Georgia,CB
56,0.9734,Micah Morris,OT,GA,Georgia,X
66,0.9679,Deion Colzie,WR,GA,Georgia,CB
75,0.9652,David Daniel,ATH,GA,Georgia,X
92,0.9562,Brock Bowers,TE,CA,Georgia,X
114,0.9479,Lovasea Carroll,RB,FL,Georgia,X
131,0.9406,Dylan Fairchild,OG,GA,Georgia,X
142,0.9367,Jonathan Jefferson,SDE,GA,Georgia,X
166,0.9268,Elijah Jeudy,WDE,PA,Georgia,X
213,0.9166,Jamon Dumas-Johnson,ILB,MD,Georgia,X
250,0.9074,Chaz Chambliss,OLB,GA,Georgia,X
260,0.9057,Quenton Barnes,WR,TN,Georgia,Offer
326,0.8933,Noah Josey,OG,TN,Georgia,CB
362,0.8886,Khristian Zachary,WDE,GA,Georgia,Warm
369,0.8883,Adonai Mitchell,WR,TN,Georgia,X
390,0.8856,MJ Daniels,ATH,MS,Georgia,Warm
391,0.8854,Jared Wilson,OG,NC,Georgia,X
457,0.8776,Marlin Dean,DT,GA,Georgia,Offer
795,0.8577,Javon Bullard,CB,GA,Georgia,Warm
1325,0.8377,Deandrae McCray,RB,FL,Georgia Southern,X
1743,0.8167,Chas Collins,OT,GA,Georgia Southern,X
1776,0.8154,Caleb Cook,OG,GA,Georgia Southern,X
2009,0.7742,Tyrese Green,S,FL,Georgia Southern,X
771,0.8593,Jordan Jones,ILB,AL,Georgia State,CB
1080,0.8477,Brylan Lanier,CB,AL,Georgia State,Offer
1216,0.8418,Marquez Bargman,OG,FL,Georgia State,X
1403,0.8355,JoJo Blackmon,WR,FL,Georgia State,Offer
1426,0.8336,Makkah Jordan,S,FL,Georgia State,X
1464,0.8315,Robert Simmons,CB,FL,Georgia State,Offer
1533,0.829,Chris Phillips,RB,FL,Georgia State,Offer
1554,0.8282,Tylon Dunlap,DT,NC,Georgia State,X
1704,0.8204,Evan Graham,OLB,FL,Georgia State,X
282,0.901,James BlackStrain,WR,FL,Georgia Tech,X
440,0.8784,Weston Franklin,OG,GA,Georgia Tech,X
453,0.8776,Cam Jeffery,ATH,AL,Georgia Tech,Offer
562,0.8702,Leo Blackburn,TE,GA,Georgia Tech,X
585,0.8688,Malik Rutherford,WR,FL,Georgia Tech,X
596,0.868,Joshua Robinson,WDE,GA,Georgia Tech,X
597,0.8678,Cameron Ball,OT,GA,Georgia Tech,CB
600,0.8677,Sirad Bryant,S,GA,Georgia Tech,Warm
613,0.8668,Chayden Peery,QB,CA,Georgia Tech,X
622,0.8667,Kaleb Edwards,S,GA,Georgia Tech,X
626,0.8662,Noah Collins,WDE,GA,Georgia Tech,X
720,0.8614,Jakiah Leftwich,OT,GA,Georgia Tech,X
740,0.8601,Grey Carroll,SDE,TN,Georgia Tech,X
828,0.8567,Gavin Barthiel,OLB,FL,Georgia Tech,X
851,0.8559,Jared Behrens,OLB,FL,Georgia Tech,Offer
909,0.8539,Jamal Haynes,ATH,GA,Georgia Tech,X
1121,0.8465,Ben Postma,TE,TX,Georgia Tech,X
1196,0.843,Eli Richey,OG,AL,Georgia Tech,X
1382,0.8357,Sebastian Sagar,OLB,GA,Georgia Tech,X
1621,0.8248,Shawn Chappell Jr.,S,NC,Georgia Tech,X
1858,0.8075,Zeek Biggers,DT,NC,Georgia Tech,X
1957,0.7953,David Shanahan,P,AUST,Georgia Tech,X
3000,0.86,Dejon Robinson,DT,JUCO,Georgia Tech,Offer
5000,0.86,Hunter Gfell,OG,FL,Georgia Tech,Offer
5000,0.82,Dijmon Brooks,DT,GA,Georgia Tech,X
1352,0.8366,Lamarcus Brown,QB,AL,Grambling,Offer
640,0.8648,Austin Gentle,OG,TN,Harvard,X
1265,0.841,Scott Giuliano,TE,CA,Harvard,X
1465,0.8315,Michael Entwistle,OG,NJ,Harvard,Warm
1483,0.8315,Jakob Foss,QB,AL,Harvard,Offer
1511,0.8303,Conor Easthope,QB,MI,Harvard,X
907,0.8539,Dylan Flowers,CB,CA,Hawaii,Offer
1389,0.8356,Peter Manuma,ATH,HI,Hawaii,X
1532,0.8294,Josh Bertholotte,OLB,#N/A,Hawaii,
1538,0.8288,Kybo Jamerson,OLB,TX,Hawaii,Offer
1598,0.8261,DQ James,RB,TX,Hawaii,X
1601,0.8261,Jordan Johnson,RB,TX,Hawaii,X
1771,0.8154,Cinque Williams,S,TX,Hawaii,X
1943,0.797,Sonny Semeatu,WDE,HI,Hawaii,X
514,0.8734,Mark Wilson,S,TX,Houston,X
641,0.8648,Cameron Bonner,WR,TX,Houston,CB
923,0.8532,Carlton Guidry,WR,TX,Houston,X
1128,0.8465,Carson Walker,OG,TX,Houston,X
1175,0.8444,Jalen Garner,OLB,GA,Houston,X
1213,0.8418,Luis Chavarria,OG,TX,Houston,Offer
1269,0.841,Ty Marsh,S,TX,Houston,X
1290,0.8397,Jalen Emery,CB,TX,Houston,X
5000,0.87,Ed'zavier Deblaw,OG,TX,Houston,Offer
1969,0.7903,Curtis Miller,DT,NJ,Howard,X
1971,0.7903,Jaylon Tolbert,QB,FL,Howard,X
1978,0.7892,Colt Musgrave,ILB,OR,Idaho,X
1998,0.7831,Wilson Clark,OC,#N/A,Idaho,
2007,0.7781,Nico Estrada,RB,#N/A,Idaho,
384,0.8859,Brody Wisecarver,OG,MO,Illinois,X
931,0.8527,Chevy Brenson,WR,MO,Illinois,X
936,0.8526,Daniel Edwards,CB,FL,Illinois,X
971,0.8519,Patrick Bryant,WR,FL,Illinois,X
977,0.8518,Carter Evans,TE,IL,Illinois,Offer
1109,0.8466,Josh Kreutz,OC,IL,Illinois,X
1137,0.8464,Sedarius McConnell,SDE,GA,Illinois,X
1148,0.8452,Joriell Washington,S,FL,Illinois,X
1215,0.8418,DD Snyder,S,FL,Illinois,X
1306,0.8389,Samari Collier,QB,TX,Illinois,X
1329,0.8376,Prince Green,WR,GA,Illinois,X
1499,0.8315,Dylan Rosiek,ILB,FL,Illinois,X
1513,0.8302,Trevor Moffitt,OLB,FL,Illinois,X
1596,0.8261,Zachary Barlev,OG,IL,Illinois,X
1724,0.818,Josh Gesky,OT,IL,Illinois,X
1821,0.8112,Kalen Villanueva,OLB,VA,Illinois,X
3000,0.86,JD Martin,ATH,JUCO,Illinois,Warm
3500,0.87,Denver Warren,DT,PREP,Illinois,Warm
4000,0.84,Tavoris Miller,ATH,FL,Illinois,Warm
5000,0.82,Trevor Timmons,OG,SC,Illinois,Warm
5000,0.82,Tyler Strain,CB,FL,Illinois,X
320,0.8949,Donaven McCulley,QB,IN,Indiana,X
427,0.8796,Cooper Jones,SDE,IN,Indiana,X
589,0.8682,Larry Smith,S,FL,Indiana,X
605,0.8673,Joshua Sales,OT,IN,Indiana,X
732,0.8607,Trenten Howland,ATH,IL,Indiana,X
735,0.8606,Aaron Steinfeldt,TE,IN,Indiana,X
745,0.86,Cortez McKenzie,OLB,FL,Indiana,Offer
769,0.8593,Aubrey Burks,S,FL,Indiana,X
802,0.8576,Jordyn Williams,WR,TX,Indiana,X
934,0.8527,Alex Okelo,WDE,TN,Indiana,Offer
1020,0.8498,David Holloman,RB,MI,Indiana,X
1090,0.8473,Vinny Fiacable,OG,IN,Indiana,X
1111,0.8466,DJ Harden,OG,TN,Indiana,Offer
1143,0.8455,Maurice Freeman,S,VA,Indiana,X
1199,0.8427,Jacobi Myers,QB,FL,Indiana,Offer
1235,0.8416,Max Merril,OT,TX,Indiana,Warm
1590,0.8265,Harlan Obioha,OT,KS,Indiana,Offer
3500,0.86,Latrell Fordham,WR,PREP,Indiana,Offer
4000,0.85,Jared Brown,CB,GA,Indiana,Offer
4000,0.84,Terrance Anthony,WR,FL,Indiana,Warm
5000,0.86,Jordan Grier,ATH,GA,Indiana,X
5000,0.81,James Evans,P,AUST,Indiana,X
132,0.9406,David Davidkov,OT,IL,Iowa,X
218,0.9149,Connor Colby,OG,IA,Iowa,X
264,0.9047,Justice Sullivan,WDE,MN,Iowa,X
397,0.8851,Cooper DeJean,S,IA,Iowa,X
419,0.8809,Keagan Johnson,ATH,NE,Iowa,X
477,0.8755,Beau Stephens,OT,MO,Iowa,X
479,0.8755,Griffin Liddle,DT,IA,Iowa,X
494,0.8743,Gennings Dunker,OG,IL,Iowa,X
504,0.8742,Jeffrey Bowie,SDE,IA,Iowa,X
529,0.8721,Jaden Harrell,ILB,IA,Iowa,X
614,0.8668,Jeremiah Pittman,DT,IL,Iowa,X
628,0.866,Max Llewellyn,SDE,IA,Iowa,X
631,0.8659,Brody Brecht,WR,IA,Iowa,X
632,0.8655,Arland Bruce IV,ATH,KS,Iowa,X
698,0.8626,Zach Twedt,ATH,IA,Iowa,X
913,0.8537,Joey Labas,QB,OH,Iowa,X
940,0.8526,Jordan Oladokun,CB,FL,Iowa,X
1103,0.8466,Skyler Bell,WR,CT,Iowa,CB
1340,0.8376,Will Lee,WR,MO,Iowa,Offer
4000,0.79,Ian Wagner,K,IL,Iowa,Offer
755,0.8593,Robert Army,WR,MI,Iowa State,X
790,0.8577,Marcus Morgan,ATH,IA,Iowa State,Offer
815,0.8572,Jim Bonifas,OT,IA,Iowa State,X
859,0.8552,Howard Brown,DT,MO,Iowa State,X
932,0.8527,Tank Young,RB,KS,Iowa State,Offer
942,0.8525,Winsome Frazier,S,FL,Iowa State,X
1032,0.8497,Jaylin Noel,WR,MO,Iowa State,X
1073,0.8477,Tristan Michaud,WR,ON,Iowa State,X
1078,0.8477,Aramoni Rhone,WR,FL,Iowa State,Warm
1116,0.8465,Beau Freyler,S,CO,Iowa State,X
1117,0.8465,Tyler Moore,TE,IA,Iowa State,X
1119,0.8465,Charles Wright,QB,TX,Iowa State,X
1267,0.841,Carston Marshall,OLB,OH,Iowa State,X
1282,0.8402,Jayden Gray,WDE,TX,Iowa State,X
1296,0.839,Deon Silas,RB,FL,Iowa State,X
1305,0.8389,Tyler Onyedim,DT,TX,Iowa State,X
1326,0.8376,Dodge Sauser,OT,IA,Iowa State,X
1421,0.8336,Myles Mendeszoon,WDE,OH,Iowa State,X
1676,0.8207,Aidan Ralph,OLB,IL,Iowa State,X
1991,0.7842,Joey Petersen,WDE,IA,Iowa State,X
5000,0.84,Ben Langston,S,JUCO,Iowa State,X
1471,0.8315,Skylar Martin,OLB,VA,James Madison,X
1486,0.8315,Zach Horton,TE,VA,James Madison,X
1654,0.8215,Gus McGee,ATH,MA,James Madison,X
1658,0.8215,Josh Toner,OG,NJ,James Madison,Offer
1819,0.8114,Matt Binkowski,ILB,VA,James Madison,X
256,0.9065,Keon Coleman,WR,LA,Kansas,X
370,0.8882,Devin Neal,RB,KS,Kansas,X
726,0.8613,John Howse IV,CB,TN,Kansas,Offer
741,0.8601,Kameron Grays,CB,AL,Kansas,X
891,0.854,D'Marion Alexander,WDE,TX,Kansas,CB
929,0.8527,Marceese Yetts,RB,CA,Kansas,Offer
1017,0.8499,Deldrick Withers,SDE,AR,Kansas,X
1026,0.8498,Jaddai Henry,WR,TX,Kansas,X
1054,0.8484,Omar Burroughs Jr.,S,GA,Kansas,X
1061,0.8484,Andrew Simpson,OLB,CA,Kansas,X
1129,0.8465,De'Kedrick Sterns,OT,TX,Kansas,X
1182,0.8431,Majik Rector,WR,TX,Kansas,X
1261,0.841,Kelan Robinson,WR,TX,Kansas,X
1263,0.841,Edgar Amaya,OG,AL,Kansas,X
1330,0.8376,Trey Staley,OLB,GA,Kansas,X
1331,0.8376,DeVonte Wilson,CB,FL,Kansas,X
1348,0.8366,Christian Jackson,S,TX,Kansas,Offer
1395,0.8356,Mason Brotherton,TE,AR,Kansas,X
1507,0.8305,Jerrell Boykins Jr.,DT,LA,Kansas,Warm
1546,0.8286,Christien Hawks,OT,KS,Kansas,X
1672,0.8209,Ben Easters,QB,IN,Kansas,X
4000,0.86,Jamichael Jackson,ILB,GA,Kansas,Offer
4000,0.83,Tommy Dunn,TE,TX,Kansas,Warm
5000,0.86,Jah-mal Williams,SDE,FL,Kansas,Offer
5000,0.82,Larson Workman,OT,TX,Kansas,X
199,0.9205,Jake Rubley,QB,CO,Kansas State,X
584,0.8688,Davonte Pritchard,ATH,KS,Kansas State,X
794,0.8577,Ese Dubre,ILB,GA,Kansas State,Offer
870,0.8552,Matthew Langlois,ATH,LA,Kansas State,CB
972,0.8519,Omar Daniels,CB,GA,Kansas State,X
975,0.8519,RJ Garcia II,WR,FL,Kansas State,X
987,0.8514,Brayden Wood,DT,CO,Kansas State,X
1058,0.8484,Dorian Stephens,WR,KS,Kansas State,X
1066,0.8477,Brenen Hawkins,WR,TX,Kansas State,X
1102,0.8466,Tyler Maro,OT,IA,Kansas State,Warm
1275,0.841,Austin Weiner,OT,KS,Kansas State,X
1461,0.8315,Jaden McGill,ATH,IL,Kansas State,Offer
1500,0.8315,Devrin Weathers,ATH,MO,Kansas State,X
1583,0.8265,Alani Ma'afu,DT,AZ,Kansas State,Offer
1942,0.7972,Damian Ilalio,DT,KS,Kansas State,X
2500,0.8417,Jeremiah Crawford,OT,JUCO,Kansas State,Warm
4000,0.85,Garfield Lawrence,SDE,TX,Kansas State,Offer
4000,0.84,Zion Magalei,OLB,AZ,Kansas State,Offer
4000,0.83,Myles Purchase,CB,CO,Kansas State,Offer
4000,0.82,Koby Bretz,S,NE,Kansas State,Offer
5000,0.84,Dwayne Johnson,OLB,GA,Kansas State,Warm
5000,0.82,Darell Jones,WR,KS,Kansas State,X
5000,0.82,Gaven Haselhorst,WDE,KS,Kansas State,X
1815,0.8115,Arendez Fedd,QB,GA,Kennesaw State,X
1339,0.8376,Malachi McNeal,ILB,IL,Kent State,Offer
1633,0.8234,Shakhi Carson,RB,NJ,Kent State,X
1726,0.8173,Macyo Williams,DT,OH,Kent State,X
1826,0.8106,TJ Spradley,CB,GA,Kent State,X
1843,0.8099,Alex Branch,CB,OH,Kent State,X
1861,0.8073,Naran Buntin,WR,NJ,Kent State,X
1897,0.8051,Leon Williams,ILB,GA,Kent State,X
1959,0.7953,Marcus Harris,WR,KY,Kent State,X
118,0.9457,Jager Burton,OG,KY,Kentucky,CB
246,0.9085,Dekel Crowdus,WR,KY,Kentucky,X
341,0.8904,Javon Nelson,SDE,TN,Kentucky,Warm
386,0.8858,Jordan Dingle,TE,KY,Kentucky,CB
460,0.8767,Armond Scott,WR,OH,Kentucky,X
469,0.8762,Kyree Young,RB,OH,Kentucky,CB
470,0.8762,Quincy Skinner Jr.,WR,FL,Kentucky,Warm
475,0.8755,Christian Lewis,WR,AL,Kentucky,X
507,0.8742,Chauncey Magwood,WR,GA,Kentucky,X
520,0.8722,Tim Williams,DT,FL,Kentucky,Offer
618,0.8667,Jamarius Dinkins,SDE,OH,Kentucky,Warm
629,0.866,Jordan Lovett,S,KY,Kentucky,X
700,0.8626,David Wohlabaugh,OT,OH,Kentucky,X
706,0.8622,Martez Thrower,OLB,GA,Kentucky,X
758,0.8593,Paul Rodriguez,OT,OH,Kentucky,X
762,0.8593,La'Vell Wright,RB,KY,Kentucky,X
782,0.8581,Adrian Huey,CB,TN,Kentucky,X
835,0.8564,Kaiya Sheron,QB,KY,Kentucky,X
924,0.8531,Kahlil Saunders,SDE,AL,Kentucky,X
1312,0.8385,Matt Marshall,CB,PA,Kentucky,Offer
1462,0.8315,Maxwell Hairston,CB,MI,Kentucky,CB
2019,0.7731,Wilson Berry,P,AUST,Kentucky,X
3000,0.85,Joko Willis,ILB,JUCO,Kentucky,X
1521,0.8301,Nate Hampton,QB,NC,Liberty,X
1524,0.8301,Bobby Ezzard,WR,GA,Liberty,X
1545,0.8286,Christopher Boti,DT,MD,Liberty,X
1585,0.8265,Will Jones,OT,VA,Liberty,Offer
1679,0.8205,Miguel Jackson,WDE,PA,Liberty,X
1762,0.8159,Mason Bundy,OT,GA,Liberty,X
1816,0.8115,Ahmad Walker,ILB,GA,Liberty,X
1878,0.8054,Andrew Adair,OG,MD,Liberty,X
1891,0.8053,Amarian Williams,CB,TX,Liberty,X
1101,0.8468,Zy McDonald,QB,MS,Louisiana,X
1162,0.8445,Kendrell Williams,RB,LA,Louisiana,X
1210,0.8424,Cejae Ceasar,S,LA,Louisiana,X
1494,0.8315,Key'Savalyn Barnes,CB,LA,Louisiana,X
1862,0.8073,Mackey Maillho,OG,LA,Louisiana,X
778,0.8586,J'Dan Burnett,OLB,TX,Louisiana Tech,X
875,0.8548,Cyrus Allen,WR,LA,Louisiana Tech,X
879,0.8548,Solomon Lewis,WR,LA,Louisiana Tech,X
908,0.8539,Kenneth Bannister,OT,LA,Louisiana Tech,X
1256,0.841,Armani Diamond,CB,AL,Louisiana Tech,X
1630,0.824,Erron Bean,SDE,LA,Louisiana Tech,X
1670,0.8215,Carson Bruno,DT,LA,Louisiana Tech,X
447,0.8777,James Gillespie,DT,VA,Louisiana-Monroe,X
1025,0.8498,Keenan Landry,DT,LA,Louisiana-Monroe,Offer
1298,0.839,Justin Macias Jr.,S,TX,Louisiana-Monroe,Warm
1308,0.8386,Donovan Dreighton,S,#N/A,Louisiana-Monroe,
1803,0.8123,Justin Kimber,WR,TX,Louisiana-Monroe,X
1841,0.8104,Carl Chester,WR,TX,Louisiana-Monroe,X
1854,0.8085,Rylan Green,TE,LA,Louisiana-Monroe,X
1881,0.8054,Zequarrius Rhone,CB,LA,Louisiana-Monroe,X
324,0.8937,Jaraye Williams,OLB,WA,Louisville,X
334,0.8915,Benjamin Perry,S,IL,Louisville,X
344,0.89,Trevion Cooley,RB,NC,Louisville,X
456,0.8776,Victoine Brown,SDE,GA,Louisville,X
506,0.8742,Bralyn Oliver,S,NC,Louisville,X
548,0.8709,Ahmari Huggins-Bruce,WR,SC,Louisville,X
567,0.8701,Demetrius Cannon,WR,MO,Louisville,X
658,0.8643,Michael Gonzalez,OG,NC,Louisville,X
660,0.864,Zen Michalski,OT,IN,Louisville,X
718,0.8614,Aaron Gunn,OG,PA,Louisville,X
723,0.8613,Victor Mullen,TE,IL,Louisville,X
763,0.8593,Kani Walker,CB,GA,Louisville,X
787,0.858,Jackson Hamilton,ILB,GA,Louisville,X
796,0.8577,Justin Franklin,ATH,GA,Louisville,Offer
827,0.8568,Rance Conner,CB,FL,Louisville,X
943,0.8525,TJ Lewis,QB,GA,Louisville,X
954,0.8519,Christian Pedersen,TE,CA,Louisville,X
1040,0.8485,Derrick Edwards,CB,FL,Louisville,X
1047,0.8485,RJ Sorensen,SDE,FL,Louisville,X
1132,0.8464,TJ Quinn,S,GA,Louisville,X
1180,0.8432,Ashton Gillotte,WDE,FL,Louisville,X
1192,0.8431,Jaylin Alderman,ILB,GA,Louisville,X
1377,0.8358,Ryheem Craig,WDE,NC,Louisville,X
1603,0.8255,Martavien Johnson,ATH,OH,Louisville,Warm
11,0.9922,Tristan Leigh,OT,VA,LSU,CB
19,0.9886,Maason Smith,DT,LA,LSU,CB
36,0.9807,Raesjon Davis,OLB,CA,LSU,X
38,0.98,Sage Ryan,S,LA,LSU,CB
60,0.9706,Brian Thomas Jr.,WR,LA,LSU,CB
65,0.9679,Chris Hilton,WR,LA,LSU,X
73,0.9656,JoJo Earle,WR,TX,LSU,X
79,0.9647,Garrett Dellinger,OT,MI,LSU,X
84,0.9629,Deion Smith,WR,MS,LSU,X
102,0.9527,Landon Jackson,WDE,TX,LSU,X
107,0.9512,Garrett Nussmeier,QB,TX,LSU,X
120,0.9449,Nathaniel Wiggins,CB,GA,LSU,CB
158,0.9297,Corey Kiner,RB,OH,LSU,X
182,0.924,Greg Penn III,ILB,MD,LSU,X
194,0.9212,Naquan Brown,WDE,VA,LSU,X
203,0.92,Zavier Carter,OLB,GA,LSU,X
238,0.9098,Keanu Koht,WDE,FL,LSU,X
244,0.9092,Saivion Jones,WDE,LA,LSU,X
340,0.8904,Khari Gee,S,GA,LSU,X
569,0.8696,Anthony Hundley,DT,FL,LSU,X
737,0.8602,Var'Keyes Gumms,TE,TX,LSU,Offer
785,0.858,Colin Henrich,OG,DC,LSU,Offer
4000,0.81,Peyton Todd,P,LA,LSU,X
1077,0.8477,Isaiah Finnie,OLB,FL,Marshall,X
1472,0.8315,Jordan Burrell,S,SC,Marshall,Offer
1548,0.8286,Jayden Bodison,S,FL,Marshall,X
1582,0.8265,Cam'Ron Ransom,QB,FL,Marshall,Offer
1966,0.7903,Keegan Davis,TE,FL,Marshall,X
57,0.9731,Demeioun Robinson,WDE,MD,Maryland,X
180,0.9244,Marcus Bradley,DT,MD,Maryland,X
243,0.9094,Taizse Johnson,DT,DC,Maryland,X
349,0.8894,Tommy Akingbesote,DT,MD,Maryland,X
446,0.8778,Caleb Coombs,WR,DC,Maryland,Offer
570,0.8696,ZionAngelo Shockley,WDE,MD,Maryland,X
606,0.8668,Antwain Littleton,FB,DC,Maryland,X
673,0.8635,Bam Booker,OLB,OH,Maryland,X
743,0.8601,Corey Coley Jr.,S,FL,Maryland,X
817,0.8572,Weston Wolff,TE,FL,Maryland,X
820,0.8572,CJ Dippre,TE,PA,Maryland,X
854,0.8553,Dante Trader Jr.,CB,MD,Maryland,X
898,0.854,Terrance Butler,WDE,MD,Maryland,X
928,0.8527,Tai Felton,WR,VA,Maryland,X
1041,0.8485,Jayon Venerable,ATH,MD,Maryland,X
1084,0.8477,Bruno Zandamela,OT,FL,Maryland,Offer
1124,0.8465,Leron Husbands,TE,DC,Maryland,X
1125,0.8465,Colby McDonald,RB,DC,Maryland,X
1316,0.8378,Joseph Bearns,TE,MD,Maryland,X
1851,0.8086,Kyle Long,OT,MO,Maryland,X
2500,0.8578,Gereme Spraggins,ILB,JUCO,Maryland,X
1310,0.8386,Tyrese Baptiste,ATH,MA,Massachusetts,Offer
1701,0.8204,Dominic Schofield,OLB,MA,Massachusetts,X
1777,0.8154,Michael Fitzgerald,QB,GA,Massachusetts,X
1800,0.8123,Eni Falayi,WR,MA,Massachusetts,X
1837,0.8104,Ryan Mosesso,TE,MA,Massachusetts,X
1852,0.8085,Kenny Dudley Jr,S,DC,Massachusetts,X
1885,0.8054,Phil Jeffs,OT,ON,Massachusetts,X
1955,0.7953,Brady Olson,QB,MA,Massachusetts,X
1964,0.7942,Jamir Roberts,WR,MD,Massachusetts,X
392,0.8852,Andrew Jones ILB,ILB,LA,Memphis,X
630,0.866,JP Martin,RB,TX,Memphis,X
642,0.8648,Royce White,OT,GA,Memphis,X
699,0.8626,Tyrell Raby,CB,LA,Memphis,X
808,0.8573,Raheem Roberts,ATH,LA,Memphis,X
866,0.8552,Gregory Rubin,S,TN,Memphis,X
899,0.854,Kolbe Fields,OLB,LA,Memphis,X
1019,0.8498,Cameron Wright,WR,MS,Memphis,X
1022,0.8498,Jawon Odoms,CB,TN,Memphis,X
1086,0.8477,Erick Smith Jr.,WR,FL,Memphis,Warm
1127,0.8465,Eric Randall,S,LA,Memphis,X
1159,0.8451,James Stewart,SDE,TN,Memphis,X
1214,0.8418,Chandler Pittman,ATH,MS,Memphis,Offer
1246,0.841,Renard Gwynn,WDE,TX,Memphis,Offer
1289,0.8397,Seth Henigan,QB,TX,Memphis,X
1335,0.8376,Brandon Warner,S,TN,Memphis,X
1356,0.8366,Ariyon Paige,CB,TN,Memphis,Offer
1383,0.8357,Zy Brockington,SDE,GA,Memphis,X
1396,0.8356,Errington McRae,TE,AR,Memphis,X
1509,0.8305,Jared Nedd,ILB,GA,Memphis,X
1712,0.8194,Bryce Edmondson,ILB,TN,Memphis,X
1818,0.8115,Ramier Lewis,OT,MI,Memphis,Offer
2500,0.8617,Myron Green,SDE,JUCO,Memphis,X
9,0.9926,James Williams,ATH,FL,Miami,X
27,0.9838,Leonard Taylor,DT,FL,Miami,X
128,0.941,Romello Brinson,WR,FL,Miami,X
154,0.9311,Laurence Seymore,OG,FL,Miami,X
162,0.9289,Jacolby George,WR,FL,Miami,X
215,0.9154,Jabari Ishmael,WDE,FL,Miami,X
224,0.913,Thad Franklin,RB,FL,Miami,X
227,0.9127,Elijah Arroyo,TE,TX,Miami,X
241,0.9095,Savion Collins,DT,FL,Miami,X
251,0.9073,Chase Smith,ATH,FL,Miami,CB
298,0.898,Kamren Kinchens,S,FL,Miami,X
308,0.8962,Michael McLaughlin,OT,FL,Miami,X
353,0.8891,Brashard Smith,WR,FL,Miami,X
394,0.8851,Ryan Rodriguez,OC,FL,Miami,X
486,0.8748,Tyler Johnson,OLB,FL,Miami,X
733,0.8606,Kahlil Brantley,TE,FL,Miami,X
750,0.8594,Tim Burns Jr.,CB,FL,Miami,X
847,0.8559,Allan Haye,DT,FL,Miami,X
874,0.8548,Thomas Davis,WDE,GA,Miami,X
994,0.8506,Deshawn Troutman,ILB,FL,Miami,X
1027,0.8498,Malik Curtis,ATH,FL,Miami,X
1872,0.8054,Andres Borregales,K,FL,Miami,X
1212,0.8423,Kyle Fugedi,OT,MI,Miami (OH),X
1293,0.8396,Malik Verdon,ATH,OH,Miami (OH),X
1318,0.8377,Marlon Dawson,OLB,MI,Miami (OH),X
1357,0.8366,Keontae Pittman,RB,KY,Miami (OH),Offer
1427,0.8336,Corban Hondru,ILB,PA,Miami (OH),X
1448,0.8322,Caleb Tubbs,CB,OH,Miami (OH),X
1595,0.8261,Jaymar Mundy,CB,OH,Miami (OH),X
1642,0.8227,Angelo Butts,WR,MO,Miami (OH),X
1644,0.8227,Nasir Washington,WDE,IA,Miami (OH),X
1763,0.8159,Will Jados,OT,OH,Miami (OH),X
1789,0.8139,James Carnie,TE,NE,Miami (OH),CB
1844,0.8099,Matt Reardon,ATH,OH,Miami (OH),X
1896,0.8051,Evan Azzara,OT,PA,Miami (OH),X
1913,0.8018,Daylan Long,ILB,OH,Miami (OH),X
1938,0.7991,Deavion Pierce,S,IL,Miami (OH),X
1940,0.799,Darez Snider,RB,MO,Miami (OH),X
1960,0.7953,Brett Coleman,S,KY,Miami (OH),X
2000,0.7802,Kolby Borders,OG,IN,Miami (OH),X
2011,0.7742,Jackson Schott,OLB,IN,Miami (OH),X
17,0.9889,J.J. McCarthy,QB,IL,Michigan,X
34,0.9816,Donovan Edwards,RB,MI,Michigan,CB
68,0.9666,Giovanni El-Hadi,OT,MI,Michigan,X
115,0.9477,Junior Colson,OLB,TN,Michigan,X
126,0.9424,Drew Kendall,OG,MA,Michigan,CB
148,0.9348,Quintin Somerville,SDE,AZ,Michigan,X
174,0.9256,Xavier Worthy,WR,CA,Michigan,X
189,0.9228,Rayshaun Benny,OT,MI,Michigan,CB
196,0.9207,George Rooks,DT,NJ,Michigan,CB
209,0.9175,Cristian Dixon,WR,CA,Michigan,X
211,0.9171,Raheem Anderson,OC,MI,Michigan,X
245,0.9089,Greg Crippen,OC,FL,Michigan,X
252,0.9073,Louis Hansen,TE,MA,Michigan,X
297,0.8981,Jaydon Hood,ILB,FL,Michigan,X
330,0.8925,Kechaun Bennett,SDE,CT,Michigan,X
418,0.8809,Rod Moore,S,OH,Michigan,X
454,0.8776,Tyler McLaurin,OLB,IL,Michigan,X
530,0.8721,Andrel Anthony,WR,MI,Michigan,X
547,0.8709,Markus Allen,WR,OH,Michigan,X
621,0.8667,Ja'Den McBurrows,CB,FL,Michigan,X
683,0.8628,Tristan Bounds,OT,CT,Michigan,X
855,0.8552,TJ Guy,WDE,MA,Michigan,X
1164,0.8444,Casey Phinney,ILB,MA,Michigan,X
1753,0.8165,Tommy Doman,P,MI,Michigan,X
1759,0.816,Dominick Giudice,WDE,NJ,Michigan,X
317,0.8958,Geno VanDeMark,OG,NJ,Michigan State,CB
343,0.8902,Audric Estime,RB,NJ,Michigan State,CB
565,0.8701,Bryon Threats,ATH,OH,Michigan State,Offer
666,0.8639,Ethan Boyd,OT,MI,Michigan State,X
677,0.8634,Tyson Watson,SDE,MI,Michigan State,X
679,0.8632,Charles Brantley,CB,FL,Michigan State,X
693,0.8627,Jah'von Grigsby,S,LA,Michigan State,CB
696,0.8627,Mikai Gbayor,ILB,NJ,Michigan State,Warm
792,0.8577,Jace Williams,WR,MI,Michigan State,Offer
793,0.8577,Mason Randolph,OG,CA,Michigan State,Offer
1011,0.8505,Michael Gravely Jr.,S,OH,Michigan State,X
1033,0.8494,Hampton Fay,QB,TX,Michigan State,X
1095,0.8472,Derrick Harmon,DT,MI,Michigan State,X
1096,0.8472,Antoine Booth,CB,MD,Michigan State,X
1179,0.8436,Davion Primm,RB,MI,Michigan State,X
1272,0.841,Kameron Allen,TE,TX,Michigan State,X
1304,0.8389,Kevin Wigenton,OG,NJ,Michigan State,X
1439,0.8323,Steffan Johnson,CB,FL,Michigan State,CB
2500,0.8345,Shaquon Anderson-Butts,WR,JUCO,Michigan State,Offer
5000,0.88,Dominic Bass,DT,IL,Michigan State,Offer
5000,0.82,Langston White,ATH,GA,Michigan State,Offer
5000,0.81,Mark Vassett,P,AUST,Michigan State,X
1578,0.8265,Tre Shackelford,WR,AL,Middle Tennessee State,Offer
1592,0.8265,Elijah Metcalf,WR,NC,Middle Tennessee State,Offer
1811,0.8118,Matthew Geeting,QB,CA,Middle Tennessee State,X
111,0.9487,Avante Dickerson,CB,NE,Minnesota,X
293,0.8987,Athan Kaliakmanis,QB,IL,Minnesota,X
311,0.8958,Steven Ortiz,CB,AZ,Minnesota,X
321,0.8944,Mar'Keise Irving,RB,IL,Minnesota,X
359,0.8888,Davon Townley,SDE,MN,Minnesota,CB
423,0.8801,Deven Eastern,SDE,MN,Minnesota,X
487,0.8748,Cameron James,OT,IL,Minnesota,X
498,0.8742,Devon Williams,OLB,OH,Minnesota,X
527,0.8721,Lemeke Brockington,WR,GA,Minnesota,X
560,0.8702,Austin Booker,SDE,IN,Minnesota,X
583,0.8688,Jameson Geers,TE,IL,Minnesota,X
624,0.8667,Jake Ratzlaff,OLB,MN,Minnesota,Warm
667,0.8639,Logan Purcell,OT,MN,Minnesota,X
770,0.8593,Brady Boyd,WR,TX,Minnesota,X
813,0.8573,Darius Green,S,GA,Minnesota,X
852,0.8558,Dino Kaliakmanis,WR,IL,Minnesota,X
970,0.8519,Austin Barber,OT,FL,Minnesota,X
1076,0.8477,Oronde Gadsden II,WR,FL,Minnesota,Warm
1365,0.8366,Brian Blades ll,CB,FL,Minnesota,Offer
4000,0.84,Sincere Littles,DT,FL,Minnesota,Offer
143,0.9359,Sawyer Robertson,QB,TX,Mississippi State,X
223,0.9134,Theodore Knox,WR,TX,Mississippi State,X
248,0.9081,Malik Nabers,WR,LA,Mississippi State,X
493,0.8743,Brandon Buckhaulter,WR,MS,Mississippi State,X
522,0.8722,Jacobi Moore,WR,MS,Mississippi State,Warm
962,0.8519,Makylan Pounders,OG,MS,Mississippi State,X
1004,0.8505,Daniel Greek,QB,TX,Mississippi State,X
1039,0.8485,Timar Rogers,OLB,FL,Mississippi State,X
1091,0.8473,Myzel Williams,S,FL,Mississippi State,X
1134,0.8464,Amariyon Howard,RB,MS,Mississippi State,X
1260,0.841,Corey Ellington,S,MS,Mississippi State,X
1360,0.8366,Jaden Jones,SDE,AL,Mississippi State,Offer
1798,0.8126,Brendan Toles,CB,MS,Mississippi State,X
2500,0.8739,Cortez Eatmon,CB,JUCO,Mississippi State,X
2500,0.8628,Navonteque Strong,ILB,JUCO,Mississippi State,X
3000,0.88,Jamond Gordon,DT,JUCO,Mississippi State,Offer
5000,0.87,Demarcus Smith,SDE,AL,Mississippi State,Warm
5000,0.82,Gabe Cavazos,OT,MS,Mississippi State,X
5000,0.82,Jim Riley,OT,MS,Mississippi State,CB
5000,0.82,Tre'von Marshall,WDE,GA,Mississippi State,X
200,0.9204,Travion Ford,WDE,MO,Missouri,X
303,0.897,Dominic Lovett,WR,IL,Missouri,Warm
377,0.8872,Connor Tollison,OT,MO,Missouri,X
428,0.8794,Ezra Dotson-Oyetade,OC,TX,Missouri,Warm
443,0.8782,Dameon Wilson,ILB,NC,Missouri,X
445,0.8779,Kyran Montgomery,WDE,IN,Missouri,CB
468,0.8762,Daylan Carnell,CB,IN,Missouri,X
517,0.8727,Tyler Macon,QB,IL,Missouri,X
650,0.8647,Davion Sistrunk,CB,FL,Missouri,X
676,0.8634,Taj Butts,RB,MO,Missouri,X
724,0.8613,Tyler Hibbler,S,MO,Missouri,X
725,0.8613,Zachary Lovett,ILB,FL,Missouri,X
742,0.8601,BJ Harris,RB,TN,Missouri,X
806,0.8573,Jonathan Jones,SDE,TX,Missouri,X
905,0.8539,Ryan Hoerstkamp,TE,MO,Missouri,X
964,0.8519,Gavin McKay,TE,TN,Missouri,X
989,0.8511,Mekhi Wingo,DT,MO,Missouri,X
1001,0.8506,Darius Jackson,CB,TX,Missouri,X
1087,0.8477,Kenard Snyder,OLB,FL,Missouri,Offer
1244,0.841,Zxaequan Reeves,CB,FL,Missouri,X
2500,0.8739,Shemar Pearl,WDE,JUCO,Missouri,X
2500,0.8628,Daniel Robledo,WDE,JUCO,Missouri,X
5000,0.86,Isaiah Taylor,S,FL,Missouri,Offer
1995,0.7831,Andrew Patterson,WR,AZ,Montana State,X
2006,0.7781,Sean Austin,QB,ID,Montana State,X
1178,0.8437,Tyler Gaskin,CB,FL,Navy,CB
1605,0.8255,Nathan Roach,OG,MA,Navy,X
1662,0.8215,Patrick Turner,ILB,TX,Navy,CB
1694,0.8204,Tylan Hines,RB,TX,Navy,X
1766,0.8154,Nasir Robinson,RB,NJ,Navy,X
2005,0.7781,Jacob Rooks,CB,CT,Navy,X
188,0.9229,Micah Crowell,WR,NC,NC State,X
253,0.9067,Aaron McLaughlin,QB,GA,NC State,X
259,0.9057,Yousef Mugharbil,OG,NC,NC State,Warm
294,0.8987,Jordan Poole,ATH,NC,NC State,X
381,0.8863,Travali Price,WDE,NC,NC State,X
508,0.874,Jabril McNeill,OLB,NC,NC State,CB
523,0.8722,Zeiqui Lawton,SDE,WV,NC State,CB
550,0.8706,Julian Gray,WR,NC,NC State,X
615,0.8668,Cedric Seabrough,TE,GA,NC State,X
623,0.8667,Chase Hattley,S,NC,NC State,Offer
688,0.8627,Zyun Reeves,SDE,NC,NC State,CB
764,0.8593,Nate Evans,CB,VA,NC State,X
814,0.8572,Jaleel Davis,OT,NC,NC State,X
824,0.8572,Fredrick Seabrough,TE,GA,NC State,X
845,0.8559,Caden Fordham,S,FL,NC State,X
945,0.852,Thornton Gentry,OC,SC,NC State,X
958,0.8519,Mario Love,CB,NC,NC State,X
1131,0.8465,Jakolbe Baldwin,WR,NC,NC State,X
1422,0.8336,Demie Sumo,RB,NJ,NC State,X
1625,0.8248,Sean Brown,S,NC,NC State,X
1999,0.7803,Jayden Tate,LS,NC,NC State,X
5000,0.84,Lyndon Cooper,OG,GA,NC State,Warm
90,0.9574,Thomas Fidone,TE,IA,Nebraska,CB
141,0.937,Wynden Ho'ohuli,ILB,HI,Nebraska,CB
229,0.9125,Teddy Prochazka,OT,NE,Nebraska,X
249,0.9078,Randolph Kpai,OLB,SD,Nebraska,X
395,0.8851,Zamon Ross,S,GA,Nebraska,Offer
430,0.8791,Latrell Neville,WR,TX,Nebraska,X
436,0.8788,Patrick Payton,OLB,FL,Nebraska,X
505,0.8742,Henry Lutovsky,OG,IA,Nebraska,X
515,0.8732,Kamonte Grimes,ATH,FL,Nebraska,Warm
539,0.8713,Will Schweitzer,OLB,CA,Nebraska,X
546,0.8709,Ru'Quan Buckley,SDE,MI,Nebraska,CB
561,0.8702,Heinrich Haarberg,QB,NE,Nebraska,X
705,0.8622,Shawn Hardy,WR,GA,Nebraska,X
773,0.8588,Gabe Ervin,RB,GA,Nebraska,X
798,0.8577,AJ Rollins,TE,NE,Nebraska,CB
831,0.8566,Branson Yager,OT,UT,Nebraska,X
1202,0.8426,Seth Malcom,OLB,IA,Nebraska,X
1367,0.8366,Lardarius Webb Jr.,CB,MS,Nebraska,X
1375,0.8363,Malik Williams,CB,GA,Nebraska,Warm
1750,0.8165,Mandela Tobin,SDE,CA,Nebraska,Warm
2500,0.8517,Marques Buford,CB,PREP,Nebraska,X
1016,0.8499,Dominic Eldridge,OT,TX,Nevada,X
1172,0.8444,Jeremiah Bodwin,OLB,TX,Nevada,X
1514,0.8302,Andrew Madrigal,OT,CA,Nevada,X
1568,0.828,Carlton Brown,TE,CA,Nevada,X
1727,0.8173,Dwight Togiola,WDE,WA,Nevada,X
1785,0.8139,Zachary Lewis,ATH,AZ,Nevada,X
1804,0.8123,Trevyn Heil,ILB,CO,Nevada,X
1809,0.8118,Drew Scolari,QB,NV,Nevada,X
1810,0.8118,Wilburn Smallwood,WDE,TX,Nevada,X
1884,0.8054,Zion Burns,S,AZ,Nevada,X
1890,0.8053,Ty Collins,RB,TX,Nevada,X
1193,0.843,Raheem Toombs,RB,FL,New Mexico,X
1211,0.8423,Keyonta Lanier,ATH,CA,New Mexico,X
1342,0.837,Joshua Atkins,OT,TX,New Mexico,X
1345,0.8367,Michael Murray,WR,TX,New Mexico,X
1547,0.8286,Isaiah Sillemon,OG,TX,New Mexico,X
1555,0.8282,Micah Young,ILB,TX,New Mexico,Offer
1721,0.8181,Jacob Trussell,TE,TX,New Mexico,X
1731,0.8173,Dayton Robinson,OG,TX,New Mexico,X
1732,0.8173,Ronald Wilson,S,TX,New Mexico,X
1864,0.8065,Bear Milacek,QB,AZ,New Mexico,X
1892,0.8053,Damon Gentry Jr.,CB,TX,New Mexico,X
1898,0.8051,Luke Wysong,WR,NM,New Mexico,X
1900,0.8044,Andrell Barney,CB,AZ,New Mexico,X
1901,0.8044,Jaden Phillips,SDE,NM,New Mexico,X
1939,0.7991,Larry Luna,OT,NM,New Mexico,X
1944,0.797,JD Roberts,OLB,AZ,New Mexico,X
1965,0.7942,Jashon Lowery,WDE,NM,New Mexico,X
4000,0.87,Ca'lub Holloway,OLB,TX,New Mexico,Offer
1353,0.8366,Caleb Spann,S,LA,New Mexico State,Offer
1438,0.8323,Glynn Johnson,WR,LA,New Mexico State,X
1569,0.8276,Carson Cota,TE,OR,New Mexico State,Offer
1958,0.7953,Carlos Peoples,OC,TX,New Mexico State,X
47,0.9756,Drake Maye,QB,NC,North Carolina,X
62,0.9697,Keeshawn Silver,SDE,NC,North Carolina,X
119,0.9454,Gavin Blackwell,WR,NC,North Carolina,X
121,0.9446,Raneiria Dillworth,OLB,NC,North Carolina,X
140,0.9375,Jahvaree Ritzie,SDE,NC,North Carolina,X
161,0.9292,Power Echols,ILB,NC,North Carolina,X
165,0.9272,DeAndre Boykins,ATH,NC,North Carolina,X
221,0.9145,Gabe Stephens,ATH,NC,North Carolina,X
228,0.9127,Eli Sutton,OT,TN,North Carolina,X
242,0.9094,Kamarro Edmonds,RB,NC,North Carolina,X
261,0.9052,Dontavius Nash,S,NC,North Carolina,X
357,0.8891,Kobe Paysour,WR,NC,North Carolina,X
442,0.8783,Tymir Brown,ATH,NC,North Carolina,X
489,0.8748,JJ Jones,WR,SC,North Carolina,X
638,0.8653,Caleb Hood,ATH,NC,North Carolina,X
842,0.856,Corey Palmer,WR,NJ,North Carolina,Offer
1351,0.8366,Dedrick Smith,OLB,FL,North Carolina,Warm
1572,0.8272,Trevion Stevenson,WDE,VA,North Carolina,X
1664,0.8215,Demetrius Coleman,CB,GA,North Carolina,Offer
5000,0.84,Tanner Bivins,OT,GA,North Carolina,Warm
834,0.8565,TJ Steele,WR,TX,North Texas,X
1151,0.8452,Keith Jackson,RB,TX,North Texas,X
1408,0.8349,Bryce Drummond,QB,OK,North Texas,X
1498,0.8315,Zhighlil McMillan,WR,TX,North Texas,X
1571,0.8274,Trent Ward,DT,TX,North Texas,X
1615,0.8254,Kevin Greene,DT,OK,North Texas,X
1677,0.8206,Chris Wright,WDE,TX,North Texas,X
1678,0.8206,Fatafehi Vailea,DT,NV,North Texas,X
1711,0.8194,Willie Simmons,OLB,TX,North Texas,X
1879,0.8054,Silas Barr,SDE,TX,North Texas,X
4000,0.86,Anton Ambuehl,OT,CA,North Texas,Offer
944,0.8524,Kobe Walton,S,TX,Northern Arizona,X
1466,0.8315,Jonah Carnell,WR,CA,Northern Arizona,X
1344,0.8368,Akanimo Asuquo,ILB,#N/A,Northern Illinois,
1527,0.8297,Tajheem Lawson,RB,IL,Northern Illinois,X
1539,0.8288,Luke Pinnick,OT,IA,Northern Illinois,X
1557,0.8282,Ethan Hampton,QB,IL,Northern Illinois,X
1764,0.8159,JaVaughn Byrd,CB,WI,Northern Illinois,X
1781,0.8147,Drew Biber,WR,WI,Northern Illinois,X
1822,0.8107,Brian Whitsey,S,IL,Northern Illinois,X
1894,0.8051,Trey Urwiler,ATH,IL,Northern Illinois,X
1908,0.803,Pete Nygra,OC,IN,Northern Illinois,X
1912,0.8018,Cade Haberman,DT,NE,Northern Illinois,X
1934,0.8003,Mason Pierre-Antoine,WR,IL,Northern Illinois,X
1976,0.7892,Trevon Jordan,WDE,IL,Northern Illinois,X
1985,0.7877,Blake Kosin,TE,MI,Northern Illinois,X
1993,0.7842,Ronde Worrels,RB,IL,Northern Illinois,X
2003,0.7792,Ty Myles,CB,GA,Northern Illinois,X
275,0.902,Najee Story,SDE,OH,Northwestern,X
299,0.898,Mac Uihlein,ILB,IL,Northwestern,X
333,0.8917,Caleb Tiernan,OT,MI,Northwestern,X
703,0.8622,Brendan Sullivan,QB,MI,Northwestern,X
768,0.8593,Barryn Sorrell,SDE,LA,Northwestern,X
788,0.8579,Aidan Hubbard,OLB,OH,Northwestern,X
791,0.8577,Anthony Tyus III,RB,MI,Northwestern,X
819,0.8572,Lawson Albright,TE,NC,Northwestern,X
872,0.8551,Garner Wallace,S,OH,Northwestern,X
910,0.8539,Theran Johnson,CB,IN,Northwestern,X
956,0.8519,Jackson Carsello,OT,IL,Northwestern,X
1123,0.8465,Jacob Gill,WR,NC,Northwestern,X
1470,0.8315,Isaiah Henderson,WDE,VA,Northwestern,Warm
1638,0.8227,Josh Thompson,OG,MI,Northwestern,X
1647,0.8221,Donnie Gray,ATH,CT,Northwestern,X
4000,0.85,Drew Donley,WR,TX,Northwestern,Offer
4000,0.84,Devean Deal,WR,TX,Northwestern,Offer
41,0.9777,Tyler Buchner,QB,CA,Notre Dame,X
48,0.9752,Rocco Spindler,OG,MI,Notre Dame,X
50,0.9747,Blake Fisher,OT,IN,Notre Dame,X
106,0.9513,Lorenzo Styles Jr.,WR,OH,Notre Dame,X
109,0.9494,Gabriel Rubio,DT,MO,Notre Dame,X
195,0.9211,Cane Berrong,TE,GA,Notre Dame,X
217,0.9149,Jayden Thomas,WR,GA,Notre Dame,CB
284,0.9005,Philip Riley,CB,FL,Notre Dame,X
285,0.9,Titus Mokiao-Atimalala,ATH,HI,Notre Dame,CB
300,0.8977,Prince Kollie,OLB,TN,Notre Dame,CB
335,0.8915,David Abiara,SDE,TX,Notre Dame,CB
452,0.8776,Mitchell Evans,TE,OH,Notre Dame,X
519,0.8722,Ryan Barnes,CB,MD,Notre Dame,X
525,0.8721,Justin Walters,S,IL,Notre Dame,X
564,0.8701,Pat Coogan,OG,IL,Notre Dame,X
575,0.8689,Jason Onye,WDE,RI,Notre Dame,X
612,0.8668,Logan Diggs,RB,LA,Notre Dame,X
627,0.8661,Joe Alt,OT,MN,Notre Dame,X
648,0.8647,Chance Tucker,CB,CA,Notre Dame,X
1053,0.8484,Davion Weatherspoon,OC,MI,Ohio,X
1320,0.8377,Bryce Butler,TE,DC,Ohio,X
1710,0.8194,Miles Cross,WR,MD,Ohio,X
1883,0.8054,Navell Chopin,WR,LA,Ohio,X
2,0.9993,J.T. Tuimoloau,SDE,WA,Ohio State,CB
3,0.9986,Jack Sawyer,SDE,OH,Ohio State,X
7,0.9946,Emeka Egbuka,WR,WA,Ohio State,CB
15,0.989,TreVeyon Henderson,RB,VA,Ohio State,X
20,0.9882,Donovan Jackson,OG,TX,Ohio State,X
21,0.988,Kyle McCord,QB,PA,Ohio State,X
40,0.9777,Jakailin Johnson,CB,MO,Ohio State,X
49,0.9751,Jayden Ballard,WR,OH,Ohio State,X
53,0.9745,Tywone Malone,DT,NJ,Ohio State,CB
54,0.974,Mike Hall,DT,OH,Ohio State,X
69,0.9662,Reid Carrico,ILB,OH,Ohio State,X
76,0.9649,Jordan Hancock,CB,GA,Ohio State,X
85,0.9628,Evan Pryor,RB,NC,Ohio State,X
88,0.9612,Marvin Harrison Jr.,WR,PA,Ohio State,X
113,0.9482,Ben Christman,OG,OH,Ohio State,X
137,0.9395,Andre Turrentine,S,TN,Ohio State,X
177,0.925,Denzel Burke,ATH,AZ,Ohio State,X
201,0.9204,Jantzen Dunn,S,KY,Ohio State,X
350,0.8894,Jaylen Johnson,S,OH,Ohio State,X
378,0.8871,Sam Hart,TE,CO,Ohio State,X
1927,0.8003,Jesse Mirco,P,AUST,Ohio State,X
1338,0.8376,Nick Vattiato,QB,FL,Ohio University,Offer
4,0.9974,Caleb Williams,QB,DC,Oklahoma,X
18,0.9888,Camar Wheaton,RB,TX,Oklahoma,CB
35,0.9809,Mario Williams,WR,FL,Oklahoma,X
64,0.9685,Bryce Foster,OG,TX,Oklahoma,CB
94,0.9559,Cody Jackson,WR,TX,Oklahoma,X
96,0.9548,Clayton Smith,WDE,TX,Oklahoma,X
101,0.9536,Marcus Burris,SDE,TX,Oklahoma,CB
104,0.9515,Kelvin Gilliam,WDE,VA,Oklahoma,CB
122,0.9436,Latrell McCutchin,CB,TX,Oklahoma,X
130,0.9407,Jalil Farooq,WR,MD,Oklahoma,CB
156,0.931,Ethan Downs,WDE,OK,Oklahoma,X
315,0.8958,Nathan Rawlins-Kibonge,SDE,OR,Oklahoma,X
424,0.8797,Cullen Montgomery,OG,TX,Oklahoma,X
472,0.8756,Jordan Mukes,S,OK,Oklahoma,X
474,0.8756,Caleb Johnson CB,CB,TX,Oklahoma,X
512,0.8735,Danny Stutsman,OLB,FL,Oklahoma,X
553,0.8702,Damond Harmon,CB,VA,Oklahoma,X
598,0.8678,Noah Pulealii,OG,CA,Oklahoma,Warm
1144,0.8455,Daymon David,S,MD,Oklahoma,Warm
2500,0.8828,Khyree Jackson,CB,JUCO,Oklahoma,Warm
2500,0.8478,Isaiah Coe,DT,JUCO,Oklahoma,X
276,0.9015,Bryson Green,WR,TX,Oklahoma State,X
347,0.8895,Blaine Green,WR,TX,Oklahoma State,X
358,0.889,Collin Oliver,ILB,OK,Oklahoma State,X
410,0.8827,Aden Kelley,DT,OK,Oklahoma State,X
463,0.8766,Ty Williams,S,OK,Oklahoma State,X
552,0.8703,Alton McCaskill,RB,TX,Oklahoma State,Warm
590,0.8681,CJ Baskerville,S,TX,Oklahoma State,CB
738,0.8602,Donovan Stephens,OLB,OK,Oklahoma State,X
739,0.8601,Melvin Swindle,DT,OK,Oklahoma State,Offer
886,0.8544,Jaden Nixon,RB,TX,Oklahoma State,X
897,0.854,Jaden Bray,WR,OK,Oklahoma State,X
901,0.854,Raymond Gay,CB,TX,Oklahoma State,X
948,0.8519,Cam Smith ATH,ATH,TX,Oklahoma State,X
982,0.8516,Rejhan Tatum,ILB,OK,Oklahoma State,Warm
999,0.8506,John Paul Richardson,WR,TX,Oklahoma State,X
1052,0.8485,Logan Nobles,OT,OK,Oklahoma State,X
1224,0.8416,Jeffrey Bassa,S,UT,Oklahoma State,Warm
1273,0.841,Makale Smith,ATH,OK,Oklahoma State,X
5000,0.84,Austin Jarrad,TE,JUCO,Oklahoma State,X
1014,0.8499,Taevion Eades,OLB,MD,Old Dominion,X
1187,0.8431,Jalen McCain,CB,MD,Old Dominion,X
1444,0.8322,Billy Edwards,QB,VA,Old Dominion,X
1565,0.8281,Jahaad Scales,S,NC,Old Dominion,X
1859,0.8073,Jon-Luke Peaker,RB,PA,Old Dominion,X
1946,0.7953,Wayne Matthews,ILB,MD,Old Dominion,X
2017,0.7731,Daniel Ogundipe,OT,PA,Old Dominion,X
4000,0.86,Jason Henderson,OLB,PA,Old Dominion,X
171,0.9264,Bralon Brown,WR,FL,Ole Miss,X
262,0.9051,Antonio Harmon,WR,MS,Ole Miss,CB
267,0.9045,Dink Jackson,S,FL,Ole Miss,X
280,0.9012,Tysheem Johnson,S,PA,Ole Miss,CB
327,0.893,Tim Keenan,DT,AL,Ole Miss,Warm
455,0.8776,Kyndrich Breedlove,ATH,TN,Ole Miss,X
670,0.8638,Maddox Kopp,QB,TX,Ole Miss,CB
675,0.8635,Demarko Williams,CB,GA,Ole Miss,X
701,0.8626,Jibran Hawkins,SDE,GA,Ole Miss,X
888,0.8541,Joseph McKay,RB,AL,Ole Miss,Offer
960,0.8519,Cameron Brady,WR,TX,Ole Miss,CB
976,0.8519,Elijah Sabbatini,S,MS,Ole Miss,X
1030,0.8498,Trey Washington,CB,AL,Ole Miss,X
1113,0.8466,Patrick Tukes,DT,GA,Ole Miss,Warm
1161,0.8445,Kamron Scott,OG,TX,Ole Miss,CB
1232,0.8416,Ty Cooper,WDE,MS,Ole Miss,CB
1249,0.841,Micah Pettus,OT,AL,Ole Miss,X
1292,0.8396,Joshua McCray,RB,AL,Ole Miss,Offer
1358,0.8366,Jacques Hunter,SDE,GA,Ole Miss,Offer
1480,0.8315,Josiah Perryman,OLB,MS,Ole Miss,Warm
3000,0.87,Jalen Williams,DT,JUCO,Ole Miss,CB
4000,0.85,Jalen Shead,TE,MS,Ole Miss,Warm
5000,0.87,Joseph Perryman,OLB,MS,Ole Miss,Warm
28,0.9837,Troy Franklin,WR,CA,Oregon,X
51,0.9747,Dont'e Thornton,WR,MD,Oregon,CB
58,0.9722,Kingsley Suamataia,OT,UT,Oregon,CB
59,0.972,Ty Thompson,QB,AZ,Oregon,X
86,0.9616,Bram Walden,OT,AZ,Oregon,X
98,0.9543,Keith Brown,ILB,OR,Oregon,X
127,0.9418,Jaylin Davies,CB,CA,Oregon,X
129,0.941,Kyron Ware-Hudson,WR,CA,Oregon,X
138,0.9383,Isaiah Brevard,WR,MS,Oregon,X
149,0.9347,Moliki Matavao,TE,NV,Oregon,X
151,0.9321,Jonathan Flowe,OLB,CA,Oregon,CB
167,0.9267,Seven McGee,RB,NY,Oregon,X
265,0.9046,Terrance Ferguson,TE,CO,Oregon,X
266,0.9046,Jonah Miller,OG,AZ,Oregon,X
295,0.8985,Jackson Light,OC,UT,Oregon,X
312,0.8958,Keanu Williams,SDE,CA,Oregon,X
500,0.8742,Christian Burkhalter,WDE,AL,Oregon,X
608,0.8668,Terrell Tilmon,WDE,TX,Oregon,X
646,0.8647,Darren Barkins,CB,CA,Oregon,X
881,0.8547,Brandon Buckner,OLB,AZ,Oregon,X
2500,0.8789,Jadarrius Perkins,CB,JUCO,Oregon,X
3000,0.84,Tye Edwards,RB,JUCO,Oregon,Offer
4000,0.85,Jaden Genova,WDE,CA,Oregon,Offer
399,0.8843,Damir Collins,RB,OR,Oregon State,X
414,0.881,Easton Mascarenas,ILB,CA,Oregon State,X
941,0.8526,Shafeek Smith,CB,PA,Oregon State,Offer
1189,0.8431,Marco Notarainni,OLB,CA,Oregon State,Warm
1206,0.8424,J.T. Byrne,TE,CA,Oregon State,X
1390,0.8356,Omarion Fa‚Äôamoe,WDE,#N/A,Oregon State,
1419,0.8343,Sam Vidlak,QB,OR,Oregon State,X
1467,0.8315,Omega Williams,OT,VA,Oregon State,Offer
1478,0.8315,Ty Robinson,ATH,CO,Oregon State,Offer
1623,0.8248,Henry Buckles,OG,OR,Oregon State,X
1793,0.8139,Semisi Saluni,OLB,CA,Oregon State,X
4000,0.84,Emari Pait,ATH,CA,Oregon State,Offer
4000,0.83,Gabe Milbourn,TE,CA,Oregon State,Offer
4000,0.83,Ilaisa Gonebure,DT,CA,Oregon State,Offer
4000,0.82,Sione Veikoso,OT,HI,Oregon State,X
5000,0.86,Jaylen Martin,CB,FL,Oregon State,CB
45,0.976,Landon Tengwall,OT,MD,Penn State,X
52,0.9747,Derrick Davis Jr.,S,PA,Penn State,CB
302,0.8972,Christian Veilleux,QB,MD,Penn State,X
304,0.897,Jamari Buddin,OLB,MI,Penn State,X
305,0.8969,Zakee Wheatley,S,MD,Penn State,X
314,0.8958,Lonnie White Jr.,ATH,PA,Penn State,X
368,0.8883,Kalen King,CB,MI,Penn State,X
429,0.8793,Diego Pounds,OT,NC,Penn State,Warm
439,0.8784,Rodney McGraw,WDE,IN,Penn State,X
531,0.8721,Kobe King,ILB,MI,Penn State,X
591,0.8681,Jeffrey Davis Jr.,CB,CT,Penn State,X
651,0.8647,Liam Clifford,ATH,OH,Penn State,X
704,0.8622,Braezhon Ross,DT,NV,Penn State,Offer
830,0.8566,Khalil Dinkins,TE,PA,Penn State,Warm
856,0.8552,Nate Bruce,OG,PA,Penn State,X
935,0.8527,Katravis Geter Jr.,RB,FL,Penn State,Warm
983,0.8516,Umari Hatcher,WR,VA,Penn State,Offer
1667,0.8215,Sander Sahaydak,K,PA,Penn State,X
2500,0.9061,De'Jahn Warren,CB,JUCO,Penn State,CB
1458,0.8316,Nick Ostlund,WDE,CA,Pennsylvania,X
116,0.947,Elliot Donald,DT,PA,Pittsburgh,X
254,0.9067,Nahki Johnson,WDE,PA,Pittsburgh,X
425,0.8797,Dorien Ford,DT,PA,Pittsburgh,CB
542,0.871,Rodney Hammond,ATH,VA,Pittsburgh,X
572,0.8694,Khalil Anderson,CB,GA,Pittsburgh,X
586,0.8688,Malik Newton,RB,VA,Pittsburgh,X
682,0.8628,Javon McIntyre,S,PA,Pittsburgh,X
707,0.8621,Terrence Enos,OT,MI,Pittsburgh,X
765,0.8593,Myles Alston,ATH,VA,Pittsburgh,X
865,0.8552,Brandon Honorable,OT,MI,Pittsburgh,X
880,0.8547,Terrence Rankl,OT,OH,Pittsburgh,X
918,0.8533,Emile Aime,ILB,FL,Pittsburgh,Warm
950,0.8519,Nate Yarnell,QB,TX,Pittsburgh,X
968,0.8519,Noah Biglow,CB,FL,Pittsburgh,X
1003,0.8506,Derrveron Maxwell-Black,ILB,FL,Pittsburgh,X
1276,0.841,Jake Renda,TE,NJ,Pittsburgh,CB
1322,0.8377,Jaden Bradley,WR,MD,Pittsburgh,X
1381,0.8357,Stephon Hall,S,PA,Pittsburgh,X
1417,0.8343,Preston Lavant,OLB,GA,Pittsburgh,X
1519,0.8302,Marco Fugar,OG,FL,Pittsburgh,X
4000,0.82,Trey Andersen,TE,UT,Pittsburgh,X
5000,0.88,Tyrique Owens,SDE,FL,Pittsburgh,Offer
5000,0.86,James Ziglor III,ATH,GA,Pittsburgh,Warm
1696,0.8204,Derek Spearman,ATH,NC,Princeton,X
1941,0.7982,Avery Shunneson,ILB,CO,Princeton,X
235,0.9101,Yanni Karlaftis,OLB,IN,Purdue,CB
329,0.8927,Sam Jackson,QB,IL,Purdue,X
611,0.8668,Preston Terrell,WR,IN,Purdue,X
637,0.8653,Marquael Parks,ATH,OH,Purdue,Offer
893,0.854,Deion Burks,WR,MI,Purdue,X
915,0.8535,A.J. Kirk,S,OH,Purdue,Offer
961,0.8519,Jaelin Alstott-VanDeVanter,OT,IN,Purdue,X
988,0.8513,Zach Richards,OG,IN,Purdue,X
1227,0.8416,Da'Veawn Armstead,S,LA,Purdue,Offer
1288,0.8397,Tristan Cox,ILB,KY,Purdue,X
1323,0.8377,Khordae Sydnor,SDE,NY,Purdue,X
1504,0.8309,Brandon Calloway,CB,GA,Purdue,X
1747,0.8165,Blake Nelson,TE,MI,Purdue,Offer
1827,0.8104,Kenjuan Manuel,DT,DC,Purdue,Offer
4000,0.84,Breylon Charles,WDE,LA,Purdue,Offer
5000,0.86,Rickey Smith,OLB,FL,Purdue,X
949,0.8519,DJ Arkansas,OLB,TX,Rice,X
1343,0.837,Ethan Onianwa,OG,TX,Rice,X
1428,0.8336,Kenny Seymour,ILB,TX,Rice,X
1574,0.8269,Jaggar Hebeisen,TE,TX,Rice,X
1622,0.8248,Elroyal Morris,DT,TX,Rice,X
1637,0.8228,Shawqi Itraish,QB,FL,Rice,X
1719,0.8186,Blake Boenisch,DT,TX,Rice,X
1739,0.8173,Aidan Siano,ILB,TX,Rice,X
1895,0.8051,Faaeanuu Pepe,OT,CA,Rice,X
1945,0.7953,Joshua Williams,DT,DC,Rice,X
323,0.894,Khayri Banton,OLB,NJ,Rutgers,X
528,0.8721,Keshon Griffin,WDE,NJ,Rutgers,X
559,0.8702,Carnell Davis,WR,NJ,Rutgers,X
566,0.8701,Alijah Clark,CB,NJ,Rutgers,X
582,0.8688,Ryan Keeler,SDE,IL,Rutgers,CB
654,0.8646,Jordan Thompson,ATH,NJ,Rutgers,X
781,0.8581,Tyler Needham,OT,PA,Rutgers,X
876,0.8548,James Wilborn Jr.,OLB,CT,Rutgers,Offer
887,0.8544,Shaquan Loyal,CB,NJ,Rutgers,X
912,0.8538,Henry Hughes,WDE,FL,Rutgers,X
1018,0.8499,Al-Shadee Salaam,RB,NJ,Rutgers,X
1031,0.8497,Cam'Ron Stewart,SDE,PA,Rutgers,X
1049,0.8485,Max Patterson,WR,VA,Rutgers,X
1065,0.8478,Kyonte Hamilton,ATH,MD,Rutgers,X
1098,0.8471,Albert Reese,OT,FL,Rutgers,X
1197,0.843,Kevin Toth Jr.,OT,OH,Rutgers,X
1242,0.841,Zaire Angoy,DT,NJ,Rutgers,X
1243,0.841,Desmond Igbinosun,S,NJ,Rutgers,X
1313,0.8384,Brayden Fox,WR,OH,Rutgers,X
1337,0.8376,Noah Bodden,QB,NY,Rutgers,Offer
1485,0.8315,Curtis Nixon,TE,DC,Rutgers,Offer
1588,0.8265,Shawn Munnerlyn,ATH,OH,Rutgers,X
1618,0.8248,Austin Dean,ILB,FL,Rutgers,X
1673,0.8209,Shawn Williams,SDE,PA,Rutgers,CB
1720,0.8181,Gus Zilinskas,OC,CO,Rutgers,X
2012,0.7731,Zack Taylor,LS,NJ,Rutgers,X
1984,0.7882,Dorian Hale,QB,CA,Sacramento State,X
555,0.8702,Noah Avinger,CB,CA,San Diego State,Warm
1104,0.8466,James Bohls,RB,CA,San Diego State,Offer
1139,0.8459,Zyrus Fiaseu,OLB,NV,San Diego State,X
1140,0.8456,William Haskell,QB,AZ,San Diego State,X
1207,0.8424,Phillippe Wesley,WR,CA,San Diego State,X
1270,0.841,New Zealand Williams,S,CA,San Diego State,X
1385,0.8356,Dominic Oliver,OLB,CA,San Diego State,X
1401,0.8356,Cam Davis,RB,TX,San Diego State,X
1457,0.8316,DJ Herman,ILB,NV,San Diego State,X
1560,0.8282,Herman Smith,ATH,CA,San Diego State,X
1709,0.8194,Christian Jones,OT,CA,San Diego State,X
1734,0.8173,JP Murphy,TE,CA,San Diego State,X
1790,0.8139,Brady Anderson,ILB,#N/A,San Diego State,
1797,0.8128,Darrion Dalton,DT,AZ,San Diego State,X
1834,0.8104,Cameron Harpole,TE,TX,San Diego State,X
4000,0.83,Champion Johnson,ATH,CA,San Diego State,Offer
1491,0.8315,Bryun Parham,OLB,CA,San Jose State,X
1600,0.8261,Kavon Baptiste,CB,CA,San Jose State,X
1629,0.8241,Branden Alvarez,WR,CA,San Jose State,X
39,0.9778,Savion Byrd,OT,TX,SMU,CB
93,0.9562,Preston Stone,QB,TX,SMU,X
465,0.8763,Dylan Goffney,WR,TX,SMU,X
557,0.8702,Isaiah Nwokobia,S,TX,SMU,X
722,0.8614,Montaye Dawson,RB,TX,SMU,X
747,0.86,Remington Strickland,OC,TX,SMU,Offer
860,0.8552,Brandon Epton Jr.,RB,TX,SMU,X
892,0.854,Braylen Jackson,SDE,TX,SMU,CB
916,0.8535,KJ Liggins,WR,TX,SMU,Offer
1009,0.8505,Trevion Sneed,ILB,TX,SMU,X
1023,0.8498,Jadarius Thursby,S,TX,SMU,X
1063,0.848,Aaron Dumas,RB,TX,SMU,Offer
1122,0.8465,Izaiah Kelley,OLB,TX,SMU,X
1149,0.8452,Stone Eby,SDE,TX,SMU,X
1209,0.8424,Jaymond Jackson,OLB,TX,SMU,Warm
1449,0.8322,Bryce McMorris,S,TX,SMU,X
1496,0.8315,Jayleen Record,WR,TX,SMU,X
3000,0.83,Jordan Wright,CB,JUCO,SMU,Offer
1089,0.8476,Jaylen Hughey,ATH,AL,South Alabama,X
1455,0.8317,Dillon Simon,QB,LA,South Alabama,X
1526,0.8298,Malik Franklin,CB,FL,South Alabama,X
1708,0.8199,Cole Daniels,DT,MS,South Alabama,X
1820,0.8114,Travis Crum,WR,AL,South Alabama,X
1831,0.8104,Reid Gavin,OT,MS,South Alabama,X
1848,0.8093,Jason Brooks,ATH,AL,South Alabama,X
1904,0.8043,Dalton Hughes,OLB,MS,South Alabama,X
1930,0.8003,Thurman Rayborn,DT,MS,South Alabama,X
152,0.9321,Michael Trigg,TE,FL,South Carolina,CB
283,0.9009,Tyrion Ingram-Dawkins,DT,SC,South Carolina,CB
337,0.8913,Trenilyas Tatum,OLB,GA,South Carolina,X
342,0.8903,George Wilson,WDE,VA,South Carolina,X
364,0.8884,Bryce Steele,ILB,NC,South Carolina,X
383,0.8863,Bryson Nesbit,TE,NC,South Carolina,CB
538,0.8714,Jayden Johnson,ATH,GA,South Carolina,X
571,0.8695,Colten Gauthier,QB,GA,South Carolina,X
609,0.8668,T.J. Sanders,DT,SC,South Carolina,X
643,0.8648,Simeon Price,WR,FL,South Carolina,X
694,0.8627,Elijah Davis,SDE,SC,South Carolina,Warm
751,0.8594,Antario Brown,RB,GA,South Carolina,X
803,0.8573,O'Mega Blake,WR,SC,South Carolina,X
805,0.8573,Sam Reynolds,WR,AL,South Carolina,X
869,0.8552,Caleb McDowell,RB,GA,South Carolina,X
991,0.8506,Nicholas Barrett,DT,NC,South Carolina,X
1064,0.848,Aries Scott,WDE,SC,South Carolina,Offer
1097,0.8471,Derwin Burgess Jr.,WR,GA,South Carolina,X
1156,0.8452,JonDarius Morgan,OT,AL,South Carolina,X
1384,0.8356,Jordan Davis,OT,GA,South Carolina,X
2500,0.8317,Marcellas Dial,CB,JUCO,South Carolina,X
4000,0.86,Dontae Balfour,S,FL,South Carolina,CB
5000,0.86,Cedrick Nicely,OT,GA,South Carolina,CB
5000,0.81,Damean Dominguez,K,GA,South Carolina,Offer
882,0.8547,Antonio Outler,RB,FL,South Dakota,X
1106,0.8466,Dorian Singer,WR,AZ,South Dakota State,CB
1876,0.8054,Dalton Allen,TE,LA,Southern Miss,X
639,0.865,Braylon Braxton,QB,TX,Southern Mississippi,Offer
1217,0.8418,Joseph Bray,RB,MD,Southern Mississippi,Offer
71,0.9656,Ceyair Wright,CB,CA,Stanford,Warm
346,0.8897,Ari Patu,QB,CA,Stanford,X
459,0.8768,Josh Moore,S,GA,Stanford,X
480,0.8755,Makai Cope,WR,CA,Stanford,CB
563,0.8702,Shield Taylor,TE,LA,Stanford,X
568,0.87,Jaden Slocum,S,GA,Stanford,Offer
616,0.8667,Jimmy Wyrick,CB,TX,Stanford,X
684,0.8628,Mitch Leigber,S,CA,Stanford,Warm
877,0.8548,Jack Leyrer,OT,TX,Stanford,Warm
996,0.8506,Caleb Ellis,S,TX,Stanford,X
1105,0.8466,Andrew Leingang,OC,ND,Stanford,Warm
1380,0.8357,Brendon Barrow,RB,FL,Stanford,CB
4000,0.8,Anthony Franklin,WDE,AZ,Stanford,Offer
5000,0.81,Connor Weselman,P,GA,Stanford,X
325,0.8934,Duce Chestnut,CB,NJ,Syracuse,X
471,0.8761,Enrique Cruz,OT,IL,Syracuse,Warm
687,0.8628,Josaiah Stewart,WDE,MA,Syracuse,Offer
797,0.8577,TJ Huggins,WR,FL,Syracuse,Offer
857,0.8552,Justin Lamson,QB,CA,Syracuse,X
965,0.8519,Jatius Geer,SDE,SC,Syracuse,X
978,0.8518,Jaelin Moss,DT,NY,Syracuse,X
1056,0.8484,Terry Lockett,DT,MA,Syracuse,X
1070,0.8477,Malik Matthew,OLB,NY,Syracuse,X
1200,0.8427,Joshua Baka,CB,ON,Syracuse,Offer
1240,0.8411,Austin Roon,OLB,MI,Syracuse,X
1247,0.841,Hayden Nelson,WDE,WI,Syracuse,X
1268,0.841,Kalan Ellis,OG,HI,Syracuse,X
1332,0.8376,Derek McDonald,TE,GA,Syracuse,X
1341,0.8376,Cam'Ron Dabney,ATH,GA,Syracuse,Warm
1398,0.8356,Landon Morris,TE,IN,Syracuse,X
1405,0.835,Malcolm Folk,S,PA,Syracuse,X
1429,0.8336,Kendall Long,WR,SC,Syracuse,X
1552,0.8282,Austyn Kauhi,OT,HI,Syracuse,X
1604,0.8255,William Wells,CB,FL,Syracuse,Offer
1634,0.8234,Wes Hoeh,OG,IL,Syracuse,X
1674,0.8208,Tyler Magnuson,OT,MN,Syracuse,X
1716,0.8188,Josh Hough,RB,PA,Syracuse,X
1920,0.8003,Anthony Turner,RB,VA,Syracuse,Warm
3000,0.87,Zykeius Strong,SDE,JUCO,Syracuse,Offer
4000,0.84,Christopher Adams,OT,MD,Syracuse,Warm
387,0.8858,Landyn Watson,WDE,TX,TCU,CB
536,0.8714,Lyrik Rawls,S,TX,TCU,Warm
593,0.8681,Chris Murray,SDE,TX,TCU,X
663,0.864,Chase Jackson,WR,OK,TCU,X
671,0.8636,JJ Henry,WR,TX,TCU,Warm
697,0.8626,Noah Bolticoff,OG,KS,TCU,X
715,0.8614,Trent Battle,QB,AL,TCU,X
716,0.8614,Jasper Lott,OT,TX,TCU,Offer
1043,0.8485,Jacoby Jackson,OT,TX,TCU,X
1114,0.8466,Alexander Honig,QB,GERM,TCU,X
3000,0.86,Anthony Belton,OT,JUCO,TCU,Offer
3000,0.85,Chad Brown,CB,JUCO,TCU,Offer
4000,0.85,Cole Deery,OC,PA,TCU,Offer
633,0.8654,Johnny Martin,RB,NJ,Temple,X
1195,0.843,Jordan Laudato,SDE,PA,Temple,CB
1336,0.8376,Rakim Cooper,DT,NJ,Temple,X
1374,0.8363,Christian Abraham,ATH,NJ,Temple,X
1482,0.8315,Justin Lynch,QB,IL,Temple,X
1493,0.8315,Malichi Lowery,CB,FL,Temple,X
1522,0.8301,Coleman Jeffcoat,WR,NC,Temple,X
1586,0.8265,Bryce Fleetwood,WR,GA,Temple,Offer
1591,0.8265,Jaden Coffen,ATH,DC,Temple,X
1602,0.8256,Malik Cooper,WR,PA,Temple,X
1626,0.8247,Jimto Obidegwu,OT,DC,Temple,CB
1653,0.8215,Luke Foster,TE,CT,Temple,Offer
1656,0.8215,Nic Mitchell,OLB,FL,Temple,X
1799,0.8125,Keshaun Jones,OT,IL,Temple,X
1893,0.8051,Jalen McMurray,CB,DC,Temple,X
1916,0.8011,Jalen Satchell,SDE,MD,Temple,X
10,0.9925,Terrence Lewis,OLB,FL,Tennessee,X
32,0.9823,Dylan Brooks,WDE,AL,Tennessee,X
123,0.9434,Aaron Willis,OLB,MD,Tennessee,X
144,0.9357,Kaemen Marley,ATH,NC,Tennessee,X
157,0.9302,Cody Brown,RB,GA,Tennessee,X
168,0.9266,KaTron Evans,DT,MD,Tennessee,X
210,0.9173,Hudson Wolfe,TE,TN,Tennessee,X
212,0.9171,Kaidon Salter,QB,TX,Tennessee,X
230,0.9121,Julian Nixon,WR,GA,Tennessee,X
247,0.9082,Jordan Mosley,WR,AL,Tennessee,X
375,0.8878,Damarius McGhee,CB,FL,Tennessee,X
403,0.8843,Miles Campbell,TE,GA,Tennessee,X
405,0.8839,William Parker,OT,TN,Tennessee,Warm
426,0.8797,Trinity Bell,ATH,AL,Tennessee,X
448,0.8777,Walker Merrill,WR,TN,Tennessee,X
481,0.8755,Roc Taylor,ATH,AL,Tennessee,X
533,0.8717,Colby Smith,OT,NC,Tennessee,X
551,0.8703,De'Shawn Rucker,S,FL,Tennessee,X
594,0.868,Jaylen Wright,RB,NC,Tennessee,X
649,0.8647,Darrell Jackson,SDE,FL,Tennessee,X
661,0.864,Elijah Howard,RB,TN,Tennessee,X
717,0.8614,Edwin White,S,AL,Tennessee,X
734,0.8606,Isaac Washington,DT,NC,Tennessee,X
821,0.8572,Jay Jones,CB,AL,Tennessee,X
2500,0.8878,Tiyon Evans,RB,JUCO,Tennessee,X
24,0.9866,Ja'Tavion Sanders,ATH,TX,Texas,X
31,0.9827,Billy Bowman,ATH,TX,Texas,X
82,0.9641,Jalen Milroe,QB,TX,Texas,X
147,0.9352,Ketron Jackson,WR,TX,Texas,CB
169,0.9265,Ishmael Ibraheem,CB,TX,Texas,X
170,0.9264,JD Coffey,S,TX,Texas,X
225,0.9129,Jordon Thomas,WDE,TX,Texas,X
233,0.9105,Derrick Harris Jr.,WDE,TX,Texas,X
234,0.9104,Jamier Johnson,CB,CA,Texas,X
313,0.8958,Morice Blackwell,OLB,TX,Texas,X
319,0.8951,Hayden Conner,OT,TX,Texas,X
367,0.8883,Jaden Alexis,WR,FL,Texas,X
417,0.8809,Terrence Cooks,OLB,TX,Texas,CB
495,0.8743,Albert Regis,DT,TX,Texas,CB
497,0.8742,Juan Davis,ATH,TX,Texas,X
554,0.8702,Jonathon Brooks,RB,TX,Texas,X
603,0.8674,Gunnar Helm,TE,CO,Texas,X
759,0.8593,Arden Walker,SDE,CO,Texas,CB
895,0.854,Casey Cain,WR,LA,Texas,X
980,0.8516,Ikechukwu Iwunnah,DT,TX,Texas,Offer
990,0.8507,Michael Myslinski,OC,FL,Texas,X
1926,0.8003,Isaac Pearson,P,AUST,Texas,X
30,0.9832,Tunmise Adeleye,SDE,FL,Texas A&M,Warm
42,0.9777,LJ Johnson,RB,TX,Texas A&M,CB
99,0.9543,Shadrach Banks,WR,TX,Texas A&M,X
135,0.9399,Reuben Fatheree,OT,TX,Texas A&M,X
139,0.9376,Kendal Daniels,S,OK,Texas A&M,X
164,0.9278,Eli Stowers,QB,TX,Texas A&M,X
202,0.9203,Jahzion Harris,WDE,NY,Texas A&M,X
239,0.9097,Dametrious Crownover,TE,TX,Texas A&M,CB
258,0.9063,Trey Zuhn,OT,CO,Texas A&M,X
273,0.9026,Dreyden Norwood,CB,AR,Texas A&M,X
288,0.8992,Yulkeith Brown,ATH,FL,Texas A&M,Warm
301,0.8976,Deuce Harmon,CB,TX,Texas A&M,X
361,0.8886,Jardin Gilbert,S,LA,Texas A&M,Warm
366,0.8883,Amari Daniels,RB,FL,Texas A&M,CB
407,0.8837,Victory Vaka,DT,CA,Texas A&M,X
408,0.883,Matthew Wykoff,OT,TX,Texas A&M,X
652,0.8646,Fernando Garza,TE,TX,Texas A&M,X
685,0.8628,Tyreek Chappell,CB,PA,Texas A&M,X
776,0.8586,Taleeq Robbins,DT,PA,Texas A&M,CB
919,0.8533,Kaci Seegars,OLB,NC,Texas A&M,X
1107,0.8466,Jaden Mosley,S,AL,Texas A&M,Offer
1230,0.8416,Joshua Rudolph,ILB,AL,Texas A&M,Offer
1142,0.8455,Robert Williams,WR,TX,Texas State,Warm
1577,0.8265,Jackson Meeks,WR,AL,Texas State,Offer
4000,0.86,Terrence Williams,RB,LA,Texas State,Offer
184,0.9237,Behren Morton,QB,TX,Texas Tech,X
322,0.894,Jerand Bradley,WR,TX,Texas Tech,X
338,0.8907,Cam'Ron Valdez,RB,TX,Texas Tech,CB
577,0.8689,E'maurion Banks,SDE,TX,Texas Tech,X
664,0.864,Jed Castles,TE,TX,Texas Tech,X
731,0.8607,Mason Tharp,TE,TX,Texas Tech,X
753,0.8593,Nick Martin,ATH,TX,Texas Tech,Offer
838,0.8561,Jack Tucker,OT,TX,Texas Tech,X
984,0.8516,Keith Cooper,WDE,TX,Texas Tech,Warm
1120,0.8465,Charles Esters,SDE,TX,Texas Tech,X
1364,0.8366,Roddrell Freeman,ILB,TX,Texas Tech,Offer
1481,0.8315,Daine Hanson,SDE,IL,Texas Tech,Offer
2500,0.8317,Demeco Roland,DT,JUCO,Texas Tech,X
3000,0.87,DeShawn Page,ILB,JUCO,Texas Tech,CB
3000,0.86,Tavareon Scott,OLB,JUCO,Texas Tech,Offer
3000,0.85,Caleb Etienne,OT,JUCO,Texas Tech,Offer
3000,0.83,Logan Applewhite,WDE,JUCO,Texas Tech,Offer
5000,0.86,Javione Carr,CB,TX,Texas Tech,Offer
5000,0.82,James Burnett,S,OK,Texas Tech,Offer
772,0.8592,Willie Shaw,RB,IL,Toledo,X
818,0.8572,Jaylin Mines,S,MI,Toledo,X
1008,0.8505,Dalen Stovall,WR,OH,Toledo,X
1378,0.8357,Thomas Zsiros,WR,OH,Toledo,X
1437,0.8323,Doran Ray,DT,MI,Toledo,X
1505,0.8307,Rajon Hill,CB,MO,Toledo,X
1564,0.8281,Jeremiah Peters,WDE,FL,Toledo,X
1584,0.8265,Jamarion McDougle,WR,FL,Toledo,Offer
1597,0.8261,Willie Jones,S,IL,Toledo,X
1609,0.8255,Steve Smith,ATH,PA,Toledo,Offer
1616,0.8254,Jalen Riven,OLB,OH,Toledo,X
1628,0.8242,Esean Carter,DT,MI,Toledo,X
1632,0.8234,Clarence Wilson,SDE,MI,Toledo,X
1782,0.814,Elijah Wesley,QB,OH,Toledo,X
1786,0.8139,Vontrell Chairse,WDE,IL,Toledo,X
1825,0.8106,Riley Starnes,OT,OH,Toledo,X
1932,0.8003,Drew Beckenhaupt,OG,OH,Toledo,X
1973,0.7898,Xavier Black,WR,OH,Toledo,X
588,0.8683,Jarris Williams,RB,AL,Troy,X
1108,0.8466,Ivan Shultz,OC,AL,Troy,X
1302,0.839,Justin Bradford,CB,GA,Troy,X
1314,0.8382,Marlen Sewell,CB,AL,Troy,Offer
1452,0.8317,Quayde Hawkins,QB,GA,Troy,X
1488,0.8315,Phillip Lee,WDE,FL,Troy,X
1541,0.8286,Peyton Higgins,WR,AL,Troy,X
1649,0.8215,Logan Weedman,OT,KY,Troy,Offer
1698,0.8204,Carson Casteel,ILB,AL,Troy,X
1772,0.8154,Lawson Chandler,OT,GA,Troy,X
1774,0.8154,Damien Taylor,RB,AL,Troy,X
1863,0.8073,Caleb Ransaw,CB,AL,Troy,X
1906,0.8032,Sterling Roberts,S,FL,Troy,X
336,0.8914,Ty Keyes,QB,MS,Tulane,X
595,0.868,Kanarius Johnson,WR,MS,Tulane,X
903,0.854,Iverson Celestine,RB,LA,Tulane,X
1168,0.8444,Kolby Phillips,CB,TN,Tulane,X
1284,0.8399,Xavier Franks,WR,MS,Tulane,CB
1445,0.8322,Hutson Lillibridge,OG,MO,Tulane,X
1473,0.8315,Jaden Handy,RB,LA,Tulane,X
1693,0.8204,Donald Lee,CB,TX,Tulane,X
1703,0.8204,Mandel Eugene,OLB,LA,Tulane,X
1737,0.8173,Bailey Despanie,CB,LA,Tulane,X
1756,0.8165,Roderic Lewis,ATH,TN,Tulane,X
1783,0.8139,Billy Wiles,QB,VA,Tulane,X
1833,0.8104,Jaden Williams,WR,TX,Tulane,X
911,0.8539,Bill Jackson,RB,MO,Tulsa,X
1100,0.8468,Ken'Daylon Wilson,ATH,TX,Tulsa,Offer
1454,0.8317,Lamont Vaz,OG,TX,Tulsa,Offer
1575,0.8269,Marquis Shoulders,RB,TX,Tulsa,X
1760,0.816,Isaac Smith,WDE,OK,Tulsa,X
1802,0.8123,Mason Jolley,ILB,TX,Tulsa,X
1889,0.8053,Roderick Hopes,S,TX,Tulsa,X
400,0.8843,Malachi Bennett,WR,AL,UAB,X
995,0.8506,Grayson James,QB,TX,UAB,Offer
1420,0.8342,"Omar Simpson, Jr.",CB,FL,UAB,X
1502,0.8313,Boaz Saint-Vil,DT,FL,UAB,X
1842,0.81,Antwan Massie,CB,FL,UAB,X
1951,0.7953,Cort Bradley,OC,AL,UAB,X
2013,0.7731,Matteo Perez,RB,CA,UC Davis,X
2016,0.7731,Christian Calhoun,CB,CA,UC Davis,X
841,0.8561,Cole Joyce,ILB,AR,UCF,X
939,0.8526,Ethan Mort,OT,FL,UCF,X
1046,0.8485,Ronnie Hamrick II,CB,GA,UCF,X
1050,0.8485,Charlie Browder,TE,NC,UCF,X
1150,0.8452,Davis Mallinger,WR,FL,UCF,X
1183,0.8431,Cale Sanders,ATH,TX,UCF,X
1254,0.841,Nathan Boerboom,TE,VA,UCF,X
1303,0.839,Kadeem Leonard,OLB,NC,UCF,X
1363,0.8366,Anthony Williams,RB,FL,UCF,X
1447,0.8322,Matthew Alexander,DT,GA,UCF,X
263,0.9051,Devin Kirkwood,ATH,CA,UCLA,X
382,0.8863,Thomas Cole,OT,CA,UCLA,X
406,0.8839,Bennett Pitcher,OT,MA,UCLA,Offer
437,0.8788,Keontez Lewis,WR,IL,UCLA,X
537,0.8714,Devin Aupiu,OLB,CA,UCLA,X
592,0.8681,Ezavier Staples,WR,CA,UCLA,X
601,0.8676,Kajiya Hollawayne,QB,CA,UCLA,X
620,0.8667,DJ Justice,WR,CA,UCLA,X
645,0.8647,Garrett DiGiorgio,OT,CA,UCLA,X
844,0.8559,Isaiah Newcombe,ATH,AZ,UCLA,X
861,0.8552,Deshun Murrell,RB,AL,UCLA,X
1190,0.8431,Tyler Kiehne,SDE,NM,UCLA,X
1223,0.8416,Donovan Smith,QB,CA,UCLA,Offer
1295,0.839,Benjamin Roy,OC,NV,UCLA,X
4000,0.85,Darrien Stewart,S,NV,UCLA,Warm
496,0.8742,Nick Dimitris,WDE,CA,UNLV,X
873,0.855,Jaylen Lane,S,TX,UNLV,X
883,0.8547,Anthony Rosas,OG,CA,UNLV,X
914,0.8536,Kaden McMullen,QB,MO,UNLV,Offer
1021,0.8498,Kamren Blanton,CB,CA,UNLV,X
1057,0.8484,Brye Lighon,ATH,CA,UNLV,X
1072,0.8477,Samuel Green,RB,CA,UNLV,X
1135,0.8464,Kevon Ivy,SDE,TX,UNLV,X
1160,0.8449,Tonga Lolohea,SDE,TX,UNLV,Offer
1236,0.8416,Josh Long,OLB,CA,UNLV,Offer
1388,0.8356,Cameron Friel,QB,HI,UNLV,X
1392,0.8356,Marsel McDuffie,ILB,TX,UNLV,CB
1558,0.8282,Shaun Grayson,TE,CA,UNLV,X
1641,0.8227,Caiden Miles,OT,AZ,UNLV,X
1733,0.8173,Maurice Jamison,OLB,CA,UNLV,X
1740,0.8173,Cameron Oliver,CB,TX,UNLV,X
1846,0.8093,Aaron Holloway,WR,NV,UNLV,X
1910,0.8023,Jakelyn Morgan,CB,TX,UNLV,X
1,0.9997,Korey Foreman,SDE,CA,USC,CB
37,0.9803,Jake Garcia,QB,CA,USC,X
61,0.9702,Miller Moss,QB,CA,USC,X
72,0.9656,Ethan Calvert,ILB,CA,USC,CB
100,0.954,Quaydarius Davis,WR,TX,USC,X
108,0.9504,Julien Simon,OLB,WA,USC,X
133,0.9405,Ma'a Gaoteote,OLB,CA,USC,X
181,0.9242,Jay Toia,DT,CA,USC,X
190,0.9226,Calen Bullock,ATH,CA,USC,X
193,0.9218,Anthony Beavers Jr.,ATH,CA,USC,X
197,0.9207,Aaron Armitage,SDE,NJ,USC,CB
205,0.9195,Prophet Brown,CB,CA,USC,X
214,0.9161,Tiaoalii Savea,SDE,NV,USC,CB
279,0.9013,Josh Simmons,OG,CA,USC,CB
289,0.899,Jaylin Smith,ATH,CA,USC,X
292,0.8988,Xamarion Gordon,S,CA,USC,X
310,0.8961,Brandon Campbell,RB,TX,USC,X
371,0.8881,Tavierre Dunlap,RB,TX,USC,Warm
404,0.8842,Michael Jackson,WR,NV,USC,X
441,0.8784,Lake McRee,TE,TX,USC,X
449,0.8776,Mason Murphy,OT,CA,USC,X
464,0.8763,Colin Mobley,SDE,MD,USC,X
576,0.8689,Saia Mapakaitolo,OT,CA,USC,X
655,0.8646,Maximus Gibbs,OG,CA,USC,X
4000,0.8,Ty Buchanan,OT,TX,USC,CB
466,0.8763,KeyShawn Spencer,RB,FL,USF,CB
849,0.8559,Gunnar Greenwald,TE,FL,USF,X
937,0.8526,Jordan Blackmon,S,FL,USF,X
1042,0.8485,Gabe Nealy,S,FL,USF,X
1146,0.8453,Jaelen Stokes,CB,FL,USF,X
1194,0.843,Timmy McClain,QB,FL,USF,CB
1250,0.841,Davon Hicks,ILB,FL,USF,X
1368,0.8366,Nickolas Tshivuadi,WR,,USF,X
1372,0.8364,Desmond Mamudi,DT,FL,USF,X
1430,0.8335,Jalen Herring,ATH,FL,USF,X
1434,0.8329,Dequan Stanley,ATH,FL,USF,X
1443,0.8322,CJ Ross,OLB,FL,USF,X
1516,0.8302,Keeon Terrell,SDE,FL,USF,X
1550,0.8286,Andrew Kilfoyl,OT,#N/A,USF,
1567,0.8281,Jhalin Hobbs,DT,#N/A,USF,
2004,0.7792,Andrew Stokes,P,AUST,USF,X
4000,0.83,Thai Bowman,WR,MN,USF,Warm
226,0.9129,Peter Costelli,QB,CA,Utah,X
272,0.9027,Mason Tufaga,ILB,HI,Utah,CB
355,0.8891,Ricky Parks,RB,FL,Utah,X
488,0.8748,Logan Fano,WDE,UT,Utah,CB
607,0.8668,Trey Reynolds,ILB,AZ,Utah,X
691,0.8627,Jason White,OT,CA,Utah,Offer
804,0.8573,Jimmy Valsin,WR,TX,Utah,Warm
833,0.8566,TJ Patu,OLB,CA,Utah,Warm
839,0.8561,Koli Faaiu,OG,WA,Utah,X
997,0.8506,Deamikkio Nathan,WR,TX,Utah,X
1035,0.8493,Viliami Pouha,WDE,UT,Utah,X
1110,0.8466,Kahanu Kia,OLB,HI,Utah,CB
1221,0.8416,Isaac Vaha,TE,UT,Utah,Warm
1233,0.8416,Michael Mokofisi,DT,UT,Utah,CB
1264,0.841,Jonah Elliss,OLB,ID,Utah,X
3000,0.85,Tevita Fotu,DT,JUCO,Utah,X
1474,0.8315,Roscoe Gibson,WR,FL,Utah State,Offer
1690,0.8204,Tupou Maile,WDE,UT,Utah State,X
1735,0.8173,Kendric Rhymes,RB,TX,Utah State,X
1928,0.8003,Parker Buchanan,ATH,UT,Utah State,X
1933,0.8003,Jakolby Longino,QB,TX,UTEP,X
951,0.8519,Kaden Meredith,RB,TX,UTSA,Warm
966,0.8519,JaCorey Hyder,ILB,TX,UTSA,X
1324,0.8377,Eddie Lee Marburger,QB,TX,UTSA,X
1404,0.8352,Keithron Lee,WR,TX,UTSA,X
1451,0.8322,Ronnie Garza,OT,TX,UTSA,X
1559,0.8282,Jalen Rainey,S,TX,UTSA,X
1671,0.8214,Brian Mayes,CB,TX,UTSA,X
1705,0.8202,Nace Washington,OLB,TX,UTSA,X
1713,0.8194,Luke Lapeze,OG,TX,UTSA,X
1792,0.8139,Caden Holt,ILB,TX,UTSA,X
1840,0.8104,Edwin Smith,WR,TX,UTSA,X
1882,0.8054,River Gordon,OG,TX,UTSA,X
502,0.8742,Barylre Davenport,WDE,AL,Vanderbilt,Offer
579,0.8688,Aalah Brown,WR,GA,Vanderbilt,Offer
619,0.8667,Jack Bech,WR,LA,Vanderbilt,X
695,0.8627,Jaden Keller,ATH,TN,Vanderbilt,Offer
746,0.86,Xavier Castillo,OG,MD,Vanderbilt,X
786,0.858,Terion Sugick,DT,MD,Vanderbilt,X
1248,0.841,Dylan Betts-Pauley,RB,AL,Vanderbilt,X
1252,0.841,Tyson Russell,CB,FL,Vanderbilt,X
1259,0.841,Tyler Bence,DT,AL,Vanderbilt,X
1317,0.8377,Jake Ketschek,OT,NJ,Vanderbilt,X
1327,0.8376,Alan Wright,S,GA,Vanderbilt,X
1334,0.8376,Gage Pitchford,OT,GA,Vanderbilt,X
1346,0.8366,Jayson Raines,WR,NJ,Vanderbilt,Warm
1355,0.8366,Isiah Cox,ATH,TN,Vanderbilt,Offer
1537,0.8288,A.J. Campbell,WDE,OH,Vanderbilt,X
1619,0.8248,Ezra McAllister,ATH,MI,Vanderbilt,X
1660,0.8215,Zion Rucker,DT,TN,Vanderbilt,Warm
4000,0.86,Bryson Reeves,CB,CA,Vanderbilt,CB
5000,0.86,Michael Mincey,ILB,GA,Vanderbilt,Offer
306,0.8964,Logan Taylor,OT,VA,Virginia,X
351,0.8891,Josh McCarron,WDE,WA,Virginia,X
360,0.8887,Jacob Rodriguez,ATH,TX,Virginia,X
581,0.8688,Zemarion Harrell,OLB,VA,Virginia,Warm
610,0.8668,Hugh Laughlin,OT,GA,Virginia,X
644,0.8648,Michael Green,WR,VA,Virginia,X
748,0.8598,Jay Woolfolk,QB,VA,Virginia,X
789,0.8579,West Weeks,ATH,GA,Virginia,X
864,0.8552,Jesiah Davis,WR,NC,Virginia,X
868,0.8552,Javin Burke,ATH,TN,Virginia,X
904,0.854,Ty Furnish,OG,GA,Virginia,X
1006,0.8505,Micah Gaffney,CB,AL,Virginia,X
1010,0.8505,Amaad Foston,RB,GA,Virginia,X
1051,0.8485,Langston Long,S,NC,Virginia,X
1157,0.8452,Charlie Patterson,OT,GA,Virginia,X
1169,0.8444,Jack Witmer,TE,TX,Virginia,X
1174,0.8444,Jonas Sanker,S,VA,Virginia,X
1299,0.839,William Simpkins III,CB,MD,Virginia,X
1321,0.8377,James Jackson,ATH,VA,Virginia,X
1503,0.8309,Aidan Ryan,CB,VA,Virginia,X
1581,0.8265,Hunter Rice,RB,VA,Virginia,Offer
1594,0.8262,Malachi Fields,ATH,VA,Virginia,X
1606,0.8255,Eric Ford,OLB,MD,Virginia,CB
5000,0.82,Brandon Mackinnon,OT,MA,Virginia,Warm
159,0.9294,Tyleik Williams,DT,VA,Virginia Tech,CB
348,0.8894,Deonte Anderson,WDE,FL,Virginia Tech,Offer
379,0.8869,DJ Harvey,CB,CA,Virginia Tech,X
422,0.8802,Tray Curry,WR,TN,Virginia Tech,X
544,0.871,Jack Hollifield,ILB,NC,Virginia Tech,CB
668,0.8639,Jalen Stroman,S,VA,Virginia Tech,X
678,0.8633,Tahj Bullock,QB,NJ,Virginia Tech,X
689,0.8627,Kenji Christian,RB,AL,Virginia Tech,Warm
730,0.8607,Jaylen Jones,WR,VA,Virginia Tech,X
760,0.8593,Mattheus Carroll,WDE,MD,Virginia Tech,X
812,0.8573,Da'Wain Lofton,ATH,TX,Virginia Tech,X
963,0.8519,Nykelius Johnson,ATH,SC,Virginia Tech,X
967,0.8519,Cole Nelson,SDE,GA,Virginia Tech,X
985,0.8516,Canon Boone,OT,TX,Virginia Tech,CB
993,0.8506,Jalen Hoyle,S,NJ,Virginia Tech,X
1013,0.8499,Will Johnson,OLB,MD,Virginia Tech,X
1044,0.8485,Chance Black,RB,SC,Virginia Tech,X
1188,0.8431,Keli Lawson,ATH,VA,Virginia Tech,X
1229,0.8416,Kylen Austin,WR,MD,Virginia Tech,CB
1379,0.8357,Isi Etute,ILB,VA,Virginia Tech,X
1424,0.8336,Shawn Asbury II,CB,VA,Virginia Tech,X
1765,0.8154,Earl Miller,DT,FL,Virginia Tech,CB
1914,0.8018,Danijel Miletic,OG,GERM,Virginia Tech,X
5000,0.86,Malachi Thomas,RB,GA,Virginia Tech,X
5000,0.82,Bryce Goodner,OG,TN,Virginia Tech,X
744,0.86,Will Towns,RB,NJ,Wake Forest,X
775,0.8587,Santino Marucci,QB,FL,Wake Forest,X
822,0.8572,Jaydon Collins,OT,SC,Wake Forest,X
871,0.8551,DJ Sims,WR,VA,Wake Forest,X
884,0.8547,Bernard Gooden,DT,AL,Wake Forest,X
952,0.8519,Matt Gulbin,OG,CT,Wake Forest,X
973,0.8519,Quincy Bryant,CB,GA,Wake Forest,X
974,0.8519,Dylan Hazen,ILB,TX,Wake Forest,X
1082,0.8477,Damon Owens,OLB,TN,Wake Forest,Offer
1153,0.8452,Ikenna Ugbaja,DT,MA,Wake Forest,Warm
1220,0.8417,Erik Russell,OT,MA,Wake Forest,X
1231,0.8416,Ethan Hassler,WDE,TN,Wake Forest,Offer
1274,0.841,Brandon Williams,TE,SC,Wake Forest,X
1328,0.8376,Evan Slocum,S,GA,Wake Forest,X
1406,0.835,Christian Greene,WR,VA,Wake Forest,X
1407,0.8349,Joshua Sosanya,S,NC,Wake Forest,X
1440,0.8323,Nick Sharpe,DT,NC,Wake Forest,X
1742,0.8167,DaShawn Jones,CB,MD,Wake Forest,X
1902,0.8043,Dez Williams,WR,MD,Wake Forest,X
2015,0.7731,Matthew Dennis,K,NC,Wake Forest,X
8,0.9943,Sam Huard,QB,WA,Washington,X
172,0.9261,Byron Cardwell,RB,CA,Washington,Warm
207,0.9183,Owen Prentice,OG,WA,Washington,X
271,0.9028,Will Latu,ATH,WA,Washington,X
277,0.9015,Jabez Tinae,WR,WA,Washington,X
438,0.8784,Voi Tunuufi,DT,UT,Washington,X
458,0.877,Kuao Peihopa,DT,HI,Washington,X
462,0.8767,Zakhari Spears,CB,CA,Washington,X
599,0.8678,Maurice Heims,WDE,CA,Washington,X
625,0.8667,Jacob Schuster,DT,WA,Washington,CB
662,0.864,Dyson McCutcheon,CB,CA,Washington,X
712,0.8615,Velltray Jefferson,ATH,CA,Washington,Warm
889,0.854,Caleb Berry,RB,TX,Washington,X
1280,0.8404,Robert Wyrsch,OT,CA,Washington,X
1349,0.8366,Vincent Nunley,S,CA,Washington,Warm
1413,0.8348,Caden Jumper,ATH,WA,Washington,X
1566,0.8281,Siaosi Finau,DT,WA,Washington,X
2500,0.885,Quentin Moore,TE,JUCO,Washington,X
4000,0.82,Arnez Madison,CB,CA,Washington,Offer
846,0.8559,Jaden Hicks,S,NV,Washington State,X
862,0.8552,Elisha Lloyd,CB,CA,Washington State,X
867,0.8552,Tsion Nunnally,WR,CA,Washington State,X
930,0.8527,Jailen Weaver,WDE,CA,Washington State,Offer
933,0.8527,Zhen-Keith Sotelo,SDE,HI,Washington State,Offer
947,0.8519,Raam Stevenson Jr.,WDE,TX,Washington State,CB
979,0.8516,Reece Jesse,WR,KY,Washington State,Offer
1055,0.8484,Xavier Young,SDE,FL,Washington State,X
1069,0.8477,Xavier Ward,QB,CA,Washington State,X
1079,0.8477,K'wan Powell,RB,FL,Washington State,Offer
1136,0.8464,Jayhvion Gipson,OLB,TX,Washington State,X
1141,0.8456,David Gusta,DT,CA,Washington State,X
1165,0.8444,Orion Peters,WR,CA,Washington State,X
1176,0.8438,Brock Dieu,OG,AZ,Washington State,X
1181,0.8432,Andrew Edson,WDE,WA,Washington State,X
1222,0.8416,Jode McDuffie,WR,CA,Washington State,Offer
1436,0.8326,Caleb Kwalalon,RB,WA,Washington State,Offer
1518,0.8302,Christian Hilborn,OT,UT,Washington State,X
1599,0.8261,Ryan Kershaw,ILB,WA,Washington State,X
1613,0.8254,Adrian Shepherd,S,TX,Washington State,X
2500,0.8267,Fred Thompkins,ILB,CA,Washington State,X
3000,0.85,Kamal Hadden,CB,JUCO,Washington State,Offer
4000,0.83,Coco Lukrich,OG,UT,Washington State,Offer
5000,0.87,Semaj James,WR,FL,Washington State,Offer
5000,0.81,Nick Haberer,P,AUST,Washington State,X
81,0.9642,Wyatt Milum,OT,WV,West Virginia,X
287,0.8993,Kaden Prather,WR,MD,West Virginia,X
309,0.8962,Jaylen Anderson,RB,OH,West Virginia,X
385,0.8859,Trenton Adkins,ATH,VA,West Virginia,CB
444,0.878,Andrew Wilson-Lamp,WR,OH,West Virginia,X
549,0.8709,Eric McDaniels,RB,VA,West Virginia,Offer
580,0.8688,Will Crowder,QB,AL,West Virginia,X
634,0.8654,Ja'Corey Hammett,OLB,FL,West Virginia,X
709,0.8619,Tomas Rimac,OT,OH,West Virginia,X
713,0.8614,Hammond Russell,SDE,OH,West Virginia,X
799,0.8577,Da'Quan Gonzales,CB,FL,West Virginia,Offer
807,0.8573,Victor Wikstrom,TE,SWED,West Virginia,X
836,0.8564,Treylan Davis,TE,OH,West Virginia,X
1002,0.8506,Brayden Dudley,SDE,GA,West Virginia,X
1075,0.8477,Cameron Junior,OLB,OH,West Virginia,Offer
1152,0.8452,Saint McLeod,S,PA,West Virginia,X
1238,0.8416,Ozzie Hoffler,WDE,GA,West Virginia,Warm
1695,0.8204,Miles Capers,WDE,SC,West Virginia,Offer
3000,0.86,Nijel McGriff,SDE,JUCO,West Virginia,X
5000,0.82,Edward Vesterinen,SDE,FIN,West Virginia,X
5000,0.81,Will Fowler,K,SC,West Virginia,Offer
255,0.9067,Jaylen Reed,S,MI,Western Illinois,X
1218,0.8418,Jeremiah McClendon,S,FL,Western Kentucky,X
1350,0.8366,Cole Lourd,QB,CA,Western Kentucky,Offer
1651,0.8215,Tre Roberson,WR,AL,Western Kentucky,CB
1730,0.8173,Chance McDonald,QB,WA,Western Kentucky,X
1829,0.8104,Trey Lubin,S,FL,Western Kentucky,X
1431,0.8335,Henry Wilson,ATH,IL,Western Michigan,X
1495,0.8315,Jaali Parker,S,IL,Western Michigan,X
1553,0.8282,Dalton Dueweke,OG,MI,Western Michigan,X
1657,0.8215,Corey Walker,OLB,NJ,Western Michigan,X
1691,0.8204,Carson Briggs,OT,MI,Western Michigan,X
1770,0.8154,Zach Vode,ATH,IN,Western Michigan,X
1805,0.8119,Mareyohn Hrabowski,QB,MI,Western Michigan,X
1850,0.8087,Naahlyee Bryant,OLB,IL,Western Michigan,X
1866,0.8064,Zahir Abdus-Salaam,RB,NJ,Western Michigan,X
1903,0.8043,John Hofer,OT,IN,Western Michigan,X
1907,0.8031,Kadinn Morris,TE,IL,Western Michigan,X
1962,0.7944,Tyson Lee,SDE,IN,Western Michigan,X
1970,0.7903,Calvin Muraski,OT,WI,Western Michigan,X
1974,0.7897,Tyren Mason,WR,IN,Western Michigan,X
1980,0.7892,Aaron Wofford,ATH,IL,Western Michigan,X
13,0.9897,Nolan Rucci,OT,PA,Wisconsin,CB
125,0.943,JP Benzschawel,OT,WI,Wisconsin,X
136,0.9398,Riley Mahlman,OT,MN,Wisconsin,X
145,0.9356,TJ Bollers,WDE,IA,Wisconsin,X
192,0.922,Hunter Wohler,S,WI,Wisconsin,X
328,0.8929,Jack Pugh,TE,OH,Wisconsin,X
432,0.8789,Deacon Hill,QB,CA,Wisconsin,X
435,0.8789,Bryan Sanborn,ILB,IL,Wisconsin,X
513,0.8734,Darryl Peterson,OLB,OH,Wisconsin,X
516,0.873,Ayo Adebogun,WDE,WI,Wisconsin,X
521,0.8722,Jackson Acker,RB,WI,Wisconsin,X
526,0.8721,Loyal Crawford,RB,WI,Wisconsin,X
587,0.8687,Ricardo Hallman,CB,FL,Wisconsin,X
617,0.8667,Damon Ollison,OLB,OH,Wisconsin,Warm
756,0.8593,Mike Jarvis,SDE,NJ,Wisconsin,X
850,0.8559,Jake Chaney,ILB,FL,Wisconsin,X
1045,0.8485,Antwan Roberts,RB,TN,Wisconsin,X
1205,0.8424,Joseph Manjack,WR,TX,Wisconsin,Offer
1579,0.8265,Marquise Brunson,DT,VA,Wisconsin,Offer
4000,0.83,Zaequan Gilliespy,S,FL,Wisconsin,Offer
4000,0.86,Jordon Vaughn,RB,TX,Wyoming,Offer
1661,0.8215,Austin Tutas,QB,MD,Yale,X
1752,0.8165,Andrew Weisz,OT,FL,Yale,X
1794,0.8133,Nate Denney,RB,#N/A,Yale,
1994,0.7831,Connor Smith,OT,MA,Yale,X
1361,0.8366,Caron Richards,DT,#N/A,,
1366,0.8366,Saborn Campbell,S,#N/A,,
1477,0.8315,Caleb Anderson,WR,#N/A,,
1484,0.8315,Rashaun Ramsey,WR,#N/A,,
1506,0.8305,Derek Coombs,RB,#N/A,,
1544,0.8286,Jack Brandon,QB,#N/A,,
1580,0.8265,Griffin Duggan,OT,#N/A,,
1617,0.8252,Tony Muse,ATH,#N/A,,
1652,0.8215,Trey Higgins,ATH,#N/A,,
1659,0.8215,Ah-Shaun Davis,QB,#N/A,,
1665,0.8215,Colt Fulton,QB,CA,,
1666,0.8215,Seth Smith,QB,SC,,
1669,0.8215,Jacoby Leatherwood,ILB,TN,,
1684,0.8204,Travonte O'Neal,SDE,FL,,
1685,0.8204,Terrod Kearse,OLB,FL,,
1686,0.8204,Armon Bethea,OG,NY,,
1687,0.8204,Jamarian Samuel,RB,FL,,
1688,0.8204,Jamarion Ellis,OLB,FL,,
1723,0.818,Giovonni Scales,S,OH,,
1744,0.8165,Parker Bates,OT,KY,,
1745,0.8165,Jaelon Brown,OG,AL,,
1746,0.8165,Jason Amsler,OG,TN,,
1749,0.8165,Rayvon Crum,OT,AL,,
1751,0.8165,Earnest McDaniel,WR,CA,,
1754,0.8165,Tariq Jones,WDE,LA,,
1755,0.8165,Eric O'Neill,SDE,NY,,
1767,0.8154,Isaiah Bunn,OG,FL,,
1814,0.8115,Savone Tutt,RB,NC,,
1832,0.8104,Shepherd Bowling,OLB,TX,,
1835,0.8104,Andrew Butler,QB,NJ,,
1845,0.8099,Jamarcus Jones,WR,MS,,
1856,0.8083,Nickel Fields,RB,NC,,
1865,0.8064,Theo Grabill,WR,KS,,
1867,0.8054,Cortland Dicks,QB,MA,,
1868,0.8054,Isaiah Perkins,WR,MD,,
1869,0.8054,Jayon Carter,ATH,NJ,,
1870,0.8054,Ethan Hunt,DT,NJ,,
1871,0.8054,Tanner Krevokuch,TE,PA,,
1873,0.8054,Jake Harrington,WR,FL,,
1874,0.8054,Antonio Johnson,TE,FL,,
1877,0.8054,Jaydan Mayes,CB,OH,,
1888,0.8053,Jordan Love,DT,FL,,
1905,0.8032,Jahmir Dooley,RB,NJ,,
1915,0.8014,Roscoe Burton,RB,FL,,
1918,0.8003,Kye Holmes,S,DC,,
1919,0.8003,Keshawn Wheeler,RB,MD,,
1921,0.8003,Shoes Brinkley,ATH,PA,,
1922,0.8003,Jayden Truesdale,OLB,VA,,
1924,0.8003,Conrad Hawley,QB,MO,,
1947,0.7953,Taelen Brooks,RB,PA,,
1948,0.7953,MarQeese Dietz,WR,VA,,
1953,0.7953,Samuel Graham,S,MD,,
1975,0.7892,Ryan Wills,OT,PA,,
1986,0.7864,Zane Smith,P,SC,,
1988,0.7853,Ralph Williams,RB,FL,,
2018,0.7731,Miles Mitchell,OLB,NJ,,
2020,0.7681,Naieem Kearney,RB,WV,,